date,open,close,high,low,volume,amount
2022-12-06,18.16,18.18,18.39,18.12,4651900.0,133421800.0
2022-12-07,18.11,17.85,18.18,17.68,9128500.0,257023500.0
2022-12-08,17.78,17.88,18.1,17.64,7569500.0,213380300.0
2022-12-09,17.84,17.89,17.95,17.56,9780000.0,273786100.0
2022-12-12,17.83,18.18,18.33,17.73,7842300.0,223518200.0
2022-12-13,18.06,18.27,18.52,17.99,8357200.0,240379000.0
2022-12-14,18.21,18.4,19.09,18.2,10176500.0,297718600.0
2022-12-15,18.26,18.19,18.57,18.09,6208000.0,178667300.0
2022-12-16,18.09,17.8,18.22,17.44,8302100.0,231959400.0
2022-12-19,17.75,17.47,17.94,17.41,5503300.0,152959200.0
2022-12-20,17.47,17.34,17.57,17.18,4195200.0,114903400.0
2022-12-21,17.34,17.1,17.37,16.9,4769800.0,129008300.0
2022-12-22,17.18,16.74,17.21,16.72,6204800.0,166076400.0
2022-12-23,16.65,16.56,16.83,16.34,5905100.0,155364900.0
2022-12-26,16.54,16.73,16.88,16.54,4784600.0,127267800.0
2022-12-27,16.85,17.01,17.16,16.73,6454700.0,173337200.0
2022-12-28,16.95,16.81,16.98,16.7,4141200.0,110471100.0
2022-12-29,16.63,17.14,17.42,16.59,8813000.0,238668900.0
2022-12-30,17.1,17.06,17.38,17.0,5779800.0,157167000.0
2023-01-03,17.19,17.98,18.17,16.96,11300000.0,314738000.0
2023-01-04,17.91,18.25,18.38,17.83,7476900.0,212973200.0
2023-01-05,18.16,18.24,18.33,18.06,6724200.0,192143900.0
2023-01-06,18.25,18.06,18.25,17.96,6878100.0,195869800.0
2023-01-09,18.15,17.9,18.15,17.75,6913700.0,195050099.99999997
2023-01-10,17.9,17.94,18.01,17.77,3806100.0,107450500.0
2023-01-11,18.01,17.73,18.01,17.7,4175900.0,117332099.99999999
2023-01-12,17.77,17.84,17.95,17.64,4138900.0,116163100.0
2023-01-13,17.84,17.63,17.9,17.54,4945500.0,137713500.0
2023-01-16,17.67,17.91,18.12,17.55,5829400.0,164893400.0
2023-01-17,17.98,17.99,18.16,17.88,4847000.0,137237800.0
2023-01-18,17.99,18.26,18.38,17.84,6034300.0,172524100.0
2023-01-19,18.26,18.38,18.44,18.16,4651700.0,133750300.0
2023-01-20,18.45,18.47,18.69,18.28,5732200.0,166115700.0
2023-01-30,18.77,18.41,18.8,18.35,7223400.0,210091800.0
2023-01-31,18.84,18.55,19.18,18.54,12389400.0,364297100.0
2023-02-01,19.2,19.07,19.41,18.64,12556600.0,372290600.0
2023-02-02,19.27,19.45,19.68,19.02,15688600.0,475326400.0
2023-02-03,19.47,20.32,20.42,19.41,21736500.0,677745900.0
2023-02-06,20.58,20.66,20.85,20.17,21355500.0,681956300.0
2023-02-07,21.04,21.95,22.51,20.99,39873300.0,1346372400.0
2023-02-08,22.22,21.42,22.71,21.35,20606900.0,693838900.0
2023-02-09,21.35,22.92,23.12,20.81,36872500.0,1266532300.0
2023-02-10,22.93,22.75,24.14,22.32,46895800.0,1672355300.0
2023-02-13,23.0,23.49,23.78,22.67,33537900.0,1197062600.0
2023-02-14,23.21,22.9,23.83,22.64,28198400.0,997523000.0
2023-02-15,22.69,23.35,23.97,22.5,34029200.0,1222109800.0
2023-02-16,23.17,22.82,23.94,22.57,25396200.0,903083800.0
2023-02-17,22.67,21.6,22.71,21.47,28433300.0,956888200.0000001
2023-02-20,21.64,22.21,22.27,21.57,17724100.0,599996800.0
2023-02-21,22.21,21.87,22.37,21.73,11523200.0,390566700.0
2023-02-22,21.76,21.86,22.31,21.63,10989100.0,371424100.00000006
2023-02-23,21.75,21.71,22.03,21.6,7605900.0,255628300.00000003
2023-02-24,21.91,22.7,23.06,21.91,26228700.0,915100100.0
2023-02-27,22.62,22.49,22.98,22.35,12327400.0,428861400.0
2023-02-28,23.42,23.15,24.07,22.8,27987000.0,1002687400.0
2023-03-01,23.16,23.44,23.87,23.01,26757600.0,963886100.0
2023-03-02,23.36,23.95,24.78,23.26,31635000.0,1167408000.0
2023-03-03,23.27,23.1,23.75,22.85,27396300.0,975236700.0
2023-03-06,22.97,23.2,23.85,22.97,19342200.0,692471100.0
2023-03-07,23.01,22.37,23.36,22.34,18415200.0,642569100.0
2023-03-08,22.43,22.52,22.77,22.07,14643600.0,505183300.0
2023-03-09,22.29,22.38,22.73,22.06,11646600.0,399844300.0
2023-03-10,22.11,22.3,22.86,22.04,14109800.0,488445600.0
2023-03-13,22.22,22.62,22.91,21.88,17362000.0,602055200.0
2023-03-14,22.38,21.75,23.04,21.75,23481800.0,799083300.0
2023-03-15,21.97,21.25,22.2,21.15,18357100.0,609911000.0
2023-03-16,21.09,21.09,21.52,20.89,11881200.0,389545800.0
2023-03-17,21.27,22.51,23.11,21.21,27024100.0,933458300.0
2023-03-20,22.54,23.38,24.5,22.52,40527300.0,1473808400.0
2023-03-21,23.51,24.1,24.37,22.88,27890500.0,1017454000.0
2023-03-22,24.19,29.4,29.4,24.19,77700000.0,3196114099.9999995
2023-03-23,30.52,33.57,34.64,30.15,92459000.0,4448687000.0
2023-03-24,34.39,35.17,35.59,33.08,85860400.0,4371772900.0
2023-03-27,34.29,37.91,38.62,34.14,79971200.0,4274038700.0
2023-03-28,36.94,36.3,37.91,35.94,58615300.0,3197751900.0
2023-03-29,36.44,37.55,39.16,36.35,64673200.0,3609832300.0
2023-03-30,37.22,37.16,38.23,35.0,53093600.0,2880083000.0
2023-03-31,36.88,39.96,40.9,36.16,60915000.0,3442945600.0
2023-04-03,41.18,45.95,46.89,40.46,76753500.0,4910262300.0
2023-04-04,45.12,45.85,47.76,44.35,55628200.0,3744067000.0
2023-04-06,45.77,45.78,50.31,44.78,69054400.0,4811856700.0
2023-04-07,46.29,48.3,49.16,45.43,49490100.0,3410824400.0
2023-04-10,48.65,48.07,53.6,46.41,60137900.0,4304544000.0
2023-04-11,47.25,46.71,49.37,45.05,55244100.0,3778873300.0
2023-04-12,45.72,46.91,47.69,44.34,48232300.0,3282025800.0
2023-04-13,48.41,44.15,49.36,43.48,57923800.0,3861364300.0
2023-04-14,44.75,45.43,45.95,43.46,47381600.0,3128243800.0
2023-04-17,44.56,44.11,45.25,43.52,31945500.0,2073132100.0
2023-04-18,44.36,51.16,53.41,43.91,79815600.0,5672390900.0
2023-04-19,51.16,51.97,54.06,50.81,64576700.0,4912060100.0
2023-04-20,52.66,55.84,56.56,52.25,61685000.0,4904931800.0
2023-04-21,55.11,53.82,56.11,52.97,47221900.0,3723809500.0
2023-04-24,55.53,59.01,61.7,55.52,64532500.0,5445679399.999999
2023-04-25,57.41,55.76,60.06,54.12,65301700.0,5399166200.0
2023-04-26,56.49,54.73,59.09,53.96,66490400.0,5433084300.000001
2023-04-27,52.07,54.04,56.92,51.75,59863900.0,4737518800.0
2023-04-28,54.81,62.31,63.1,54.28,66241000.0,5631069700.0
2023-05-04,59.79,58.86,60.73,56.33,57600000.0,4866413700.0
2023-05-05,59.49,53.96,60.55,52.16,59126600.0,4778815200.0
2023-05-08,53.83,53.28,56.29,50.82,48267700.0,3779901900.0
2023-05-09,53.36,56.52,58.57,53.36,47371200.0,3894593600.0
2023-05-10,57.54,52.1,58.49,50.93,53508800.0,4201026100.0
2023-05-11,51.93,49.76,52.82,49.52,44069800.0,3267752600.0
2023-05-12,49.7,52.13,52.81,49.41,43043400.0,3236578400.0000005
2023-05-15,52.97,54.83,55.03,49.73,46599100.0,3564786100.0
2023-05-16,54.52,52.84,54.97,52.2,39440100.0,3063347400.0
2023-05-17,52.97,54.41,56.93,52.26,43480600.0,3458715700.0
2023-05-18,61.23,65.76,65.76,59.11,56136600.0,5107563900.0
2023-05-19,66.62,64.86,69.2,62.89,78514400.0,7528546700.0
2023-05-22,64.86,62.23,65.09,60.41,48079600.0,4328897400.0
2023-05-23,62.49,60.29,64.04,60.13,52994100.0,4734300600.0
2023-05-24,58.93,60.63,63.89,58.77,57179800.0,5079451500.0
2023-05-25,66.53,64.59,69.41,62.31,76534100.0,7280837400.0
2023-05-26,64.65,63.35,69.02,63.24,60941000.0,5744455200.0
2023-05-29,65.45,66.62,71.2,65.19,62419400.0,6095671000.0
2023-05-30,68.59,75.96,76.68,66.71,64626700.0,6642510300.0
2023-05-31,73.82,74.88,75.3,71.14,46050600.0,4857237800.0
2023-06-01,73.08,75.27,77.39,72.36,38339000.0,4125007400.0
2023-06-02,77.5,74.3,78.69,72.52,28843600.0,3094297900.0
2023-06-05,73.08,77.54,80.54,73.08,38850500.0,4319562500.0
2023-06-06,78.25,74.88,79.33,74.07,32056400.0,3503935000.0
2023-06-07,74.73,75.46,77.61,73.6,28417800.0,3083546400.0
2023-06-08,74.01,74.46,76.52,71.98,34375700.0,3661586300.0
2023-06-09,74.45,80.55,82.92,72.15,57981800.0,6407554000.0
2023-06-12,80.55,85.08,85.9,79.69,40149700.0,4801762900.0
2023-06-13,84.0,85.11,86.86,82.59,27962500.0,3386989500.0
2023-06-14,86.88,90.86,94.46,85.22,40932000.0,5199427100.0
2023-06-15,93.99,94.63,98.28,92.62,44066500.0,5954439000.0
2023-06-16,95.75,109.15,110.23,93.08,45844700.0,6619310100.0
2023-06-19,111.37,112.75,116.19,108.04,49189400.0,7804976300.0
2023-06-20,112.75,119.93,119.93,109.94,45209400.0,7319594000.0
2023-06-21,116.81,112.67,117.05,110.62,47377700.0,7643068900.0
2023-06-26,110.27,104.12,111.3,102.14,62228100.0,9396374400.0
2023-06-27,103.72,103.54,105.48,101.96,36648600.0,5399287900.0
2023-06-28,97.66,99.79,102.32,93.31,47484900.0,6664986400.0
2023-06-29,101.24,104.13,105.41,100.89,46171800.0,6777628199.999999
2023-06-30,101.96,103.72,108.85,101.26,48662200.0,7258616000.0
2023-07-03,103.96,102.68,104.55,97.57,41357900.0,5926592700.0
2023-07-04,103.05,103.06,105.79,101.96,31020100.0,4580082200.0
2023-07-05,102.69,97.62,103.06,97.45,34139700.0,4864647000.0
2023-07-06,97.49,98.23,102.37,96.72,32341200.0,4578612200.0
2023-07-07,101.67,103.39,106.0,95.66,50793800.0,7325079900.0
2023-07-10,102.12,100.96,103.32,96.24,41994600.0,5942156100.0
2023-07-11,102.67,104.48,104.69,100.22,34545600.0,5054824500.0
2023-07-12,105.2,97.5,106.99,97.5,46596200.0,6734275100.0
2023-07-13,99.69,108.57,108.93,99.69,53698300.0,7947614800.0
2023-07-14,110.34,109.43,112.45,106.35,53987400.0,8351777100.0
2023-07-17,108.5,111.1,116.3,108.38,40598300.0,6478700200.0
2023-07-18,112.8,106.48,113.1,105.55,31192200.0,4811204300.0
2023-07-19,108.43,104.84,109.84,104.78,22140300.0,3357756300.0
2023-07-20,103.76,91.19,104.41,90.86,67119800.0,9235924800.0
2023-07-21,91.19,91.36,92.43,88.1,52738200.0,6789054900.0
2023-07-24,91.3,91.9,95.45,90.38,39384200.0,5213235800.0
2023-07-25,93.46,94.24,99.07,91.19,44711900.0,6031733700.0
2023-07-26,94.36,90.5,95.2,89.05,40039700.0,5222877700.0
2023-07-27,89.1,89.68,91.98,88.39,25327700.0,3245832700.0
2023-07-28,88.76,88.96,92.04,87.31,34106700.0,4345023400.0
2023-07-31,86.93,89.75,92.23,86.88,37255500.0,4779940300.0
2023-08-01,89.75,94.63,95.49,89.5,48414600.0,6416563400.0
2023-08-02,94.06,93.92,95.49,91.56,26423400.0,3525725900.0000005
2023-08-03,91.46,91.55,95.13,89.99,30157000.0,3954508000.0
2023-08-04,91.21,98.33,99.11,90.83,45822900.0,6212604399.999999
2023-08-07,99.09,99.63,103.16,97.57,41393000.0,5916033300.0
2023-08-08,99.63,94.43,101.55,94.42,30327600.0,4213408900.0
2023-08-09,94.19,88.92,95.6,88.75,41735200.0,5455563199.999999
2023-08-10,86.92,86.88,89.17,85.45,31411600.0,3903812300.0
2023-08-11,87.9,85.42,89.13,85.42,20952800.0,2602884600.0
2023-08-14,85.94,86.53,86.53,84.22,29986300.0,3653432700.0
2023-08-15,90.47,85.37,91.1,84.73,42534800.0,5328572500.0
2023-08-16,84.02,84.73,86.37,82.64,31383100.0,3776187199.9999995
2023-08-17,83.14,85.62,87.02,81.98,32016400.0,3886919800.0
2023-08-18,85.08,80.78,85.8,80.78,31517400.0,3733845100.0
2023-08-21,81.36,82.47,84.4,80.62,25505200.0,3016721200.0
2023-08-22,85.51,88.31,88.71,82.67,46500600.0,5683967300.0
2023-08-23,86.5,83.28,86.51,82.64,28635700.0,3429649300.0
2023-08-24,86.88,84.72,88.31,83.52,40958400.0,5006257000.0
2023-08-25,79.21,74.62,80.51,73.95,58082000.0,6411278800.0
2023-08-28,79.69,77.89,81.17,76.89,48768900.0,5518917300.0
2023-08-29,78.97,80.55,84.72,76.48,43949100.0,5049231500.0
2023-08-30,81.2,81.13,83.71,79.24,31384300.0,3637835100.0
2023-08-31,79.69,80.14,81.37,79.51,19311100.0,2222072600.0
2023-09-01,79.62,78.36,80.62,77.43,20995900.0,2366297100.0
2023-09-04,78.94,78.5,79.32,77.36,16571900.0,1853237400.0
2023-09-05,78.18,76.11,78.18,75.47,21438300.0,2351163400.0
2023-09-06,76.18,76.6,77.5,74.52,19848000.0,2159984100.0
2023-09-07,76.17,74.17,77.36,74.02,23929600.0,2576182300.0
2023-09-08,72.2,73.4,74.8,71.07,28788600.0,3020167500.0
2023-09-11,74.12,76.24,78.96,72.88,37972200.0,4157933000.0
2023-09-12,75.44,76.76,78.17,75.06,24478700.0,2703602900.0
2023-09-13,76.42,74.42,77.46,73.48,18058900.0,1940755900.0
2023-09-14,74.78,71.54,75.6,71.43,24630600.0,2577436500.0
2023-09-15,72.07,68.68,72.62,67.77,36380900.0,3651606100.0
2023-09-18,68.91,66.4,69.34,65.84,29694600.0,2886881300.0
2023-09-19,67.05,67.12,69.1,65.1,26524400.0,2558488900.0
2023-09-20,67.11,67.58,70.28,66.76,27547000.0,2709599900.0
2023-09-21,67.12,67.74,69.86,66.91,23977600.0,2360482800.0
2023-09-22,68.17,77.59,78.91,67.84,64761100.0,6867634100.0
2023-09-25,77.59,75.02,78.18,74.52,41038900.0,4492724300.0
2023-09-26,76.78,78.11,80.96,76.31,44213300.0,4973206900.0
2023-09-27,77.71,79.74,81.27,77.71,27608200.0,3148705100.0
2023-09-28,82.48,80.98,83.52,79.7,30639100.0,3565312300.0
2023-10-09,80.72,77.58,81.83,75.03,44249400.0,4935200200.0
2023-10-10,77.08,76.42,78.77,75.37,25541200.0,2811180300.0000005
2023-10-11,77.21,76.62,79.53,75.14,25465500.0,2814276800.0
2023-10-12,77.53,74.42,77.84,73.68,21826600.0,2341724800.0
2023-10-13,73.8,71.33,74.21,70.28,29490600.0,3035091200.0
2023-10-16,70.6,69.64,71.63,69.19,22284000.0,2239102000.0
2023-10-17,70.44,70.03,72.15,68.11,23803900.0,2390436800.0
2023-10-18,67.2,67.8,68.27,64.76,34566400.0,3319570100.0
2023-10-19,67.31,65.78,67.84,65.49,22135500.0,2112414500.0
2023-10-20,67.46,65.37,67.6,65.15,25065500.0,2386369700.0
2023-10-23,67.6,66.83,69.03,65.11,39085000.0,3745740400.0
2023-10-24,68.34,66.61,70.92,65.69,58002800.0,5694715200.0
2023-10-25,63.5,61.02,66.5,60.87,57993100.0,5257017600.0
2023-10-26,61.48,62.37,62.99,60.73,34997200.0,3115896100.0
2023-10-27,61.74,62.02,62.65,60.59,27273100.0,2430655700.0
2023-10-30,61.99,62.32,63.02,60.65,27303200.0,2435833700.0
2023-10-31,62.59,60.83,62.88,59.51,27760200.0,2422981000.0
2023-11-01,60.43,59.01,61.44,58.89,22699000.0,1962819200.0000002
2023-11-02,59.96,59.52,61.97,59.5,27315300.0,2385194800.0
2023-11-03,59.93,61.48,63.28,59.93,38321000.0,3426594900.0
2023-11-06,62.76,63.47,63.82,61.73,37425500.0,3392829400.0
2023-11-07,63.09,69.06,72.51,62.65,56386500.0,5399560100.0
2023-11-08,67.55,67.22,68.6,66.55,35627600.0,3451750200.0
2023-11-09,68.91,70.34,71.91,68.41,39970000.0,4027566200.0
2023-11-10,69.99,70.74,73.37,69.63,31322800.0,3214256500.0
2023-11-13,73.8,73.15,75.75,72.36,37887500.0,4025461400.0
2023-11-14,73.16,73.23,75.12,71.46,27545400.0,2892680600.0
2023-11-15,75.38,72.51,75.38,69.72,30809100.0,3176885700.0
2023-11-16,71.07,69.66,72.43,69.64,23617100.0,2397920600.0
2023-11-17,69.7,73.65,74.66,69.7,31693300.0,3260389699.9999995
2023-11-20,72.25,71.32,73.63,70.05,32604100.0,3342265700.0
2023-11-21,72.42,72.2,74.88,71.85,29244100.0,3067829699.9999995
2023-11-22,71.07,67.73,71.43,67.69,36776500.0,3646456200.0
2023-11-23,67.4,68.3,68.55,66.61,20694200.0,2012153500.0
2023-11-24,67.7,65.61,68.03,65.22,20077300.0,1911066600.0
2023-11-27,65.33,68.11,69.04,65.32,27819100.0,2690866500.0
2023-11-28,67.12,65.86,67.54,65.36,16103200.0,1528746500.0
2023-11-29,65.98,65.85,66.61,64.93,15955100.0,1510402400.0
2023-11-30,65.39,65.98,66.29,65.02,15167600.0,1434217200.0
2023-12-01,65.96,69.63,70.74,64.7,41044600.0,4008161800.0
2023-12-04,70.01,71.63,73.22,69.7,35437700.0,3652847100.0
2023-12-05,70.98,70.21,72.5,70.0,27060800.0,2763096800.0
2023-12-06,69.63,70.12,70.71,68.77,17717700.0,1775299100.0
2023-12-07,71.5,72.77,73.58,69.79,32380700.0,3356657900.0
2023-12-08,75.28,82.2,83.93,73.96,62843800.0,7103916000.0
2023-12-11,82.02,84.11,84.72,79.85,44329000.0,5235994400.0
2023-12-12,84.09,80.38,85.08,78.25,43834400.0,5097963400.0
2023-12-13,79.8,79.26,81.12,79.07,20526400.0,2346037400.0
2023-12-14,80.41,78.84,81.76,78.33,23896200.0,2737229900.0
2023-12-15,79.24,76.85,79.91,75.78,20130300.0,2227687500.0
2023-12-18,76.18,79.25,80.77,75.75,27400000.0,3091409600.0
2023-12-19,79.78,79.11,80.33,76.81,19986800.0,2241974700.0
2023-12-20,79.12,76.31,79.37,75.06,23889800.0,2615125500.0
2023-12-21,75.53,79.83,82.49,74.98,29879800.0,3366749200.0
2023-12-22,78.74,77.1,80.16,76.37,23863500.0,2672138700.0
2023-12-25,77.61,77.71,79.17,75.15,15221000.0,1685997600.0
2023-12-26,77.24,74.63,77.81,73.66,19558500.0,2102879800.0
2023-12-27,75.08,74.75,76.11,74.38,13351100.0,1437142500.0
2023-12-28,74.57,76.11,76.96,74.23,19907900.0,2165419500.0
2023-12-29,76.18,78.91,81.08,76.16,24104700.0,2718458800.0
2024-01-02,78.86,77.25,80.25,77.2,14791100.0,1658786400.0000002
2024-01-03,76.18,73.22,76.81,73.14,22108700.0,2356778100.0
2024-01-04,73.01,72.51,73.71,71.33,16650700.0,1734928800.0
2024-01-05,72.23,69.65,72.86,69.06,17552100.0,1773515100.0
2024-01-08,69.49,68.77,70.43,68.07,13263000.0,1316070400.0
2024-01-09,70.91,70.58,72.17,69.99,20001100.0,2039717600.0
2024-01-10,70.59,69.63,71.58,68.41,13860200.0,1393780700.0
2024-01-11,69.63,72.07,72.85,69.57,19289700.0,1984685200.0
2024-01-12,71.52,70.03,71.77,69.32,13842000.0,1398418000.0
2024-01-15,69.17,70.98,72.22,69.17,12647600.0,1289058900.0
2024-01-16,70.27,69.84,70.54,68.48,16902600.0,1682657700.0
2024-01-17,70.11,68.93,71.67,68.93,19193200.0,1945345000.0
2024-01-18,67.5,76.69,76.78,67.35,37099800.0,3850429300.0
2024-01-19,78.47,77.53,79.39,77.1,31897300.0,3573579500.0
2024-01-22,81.13,77.97,81.49,77.53,32715000.0,3731498000.0
2024-01-23,78.25,79.69,82.03,77.42,29757000.0,3408601800.0
2024-01-24,79.44,79.47,79.82,76.08,26955200.0,3016646599.9999995
2024-01-25,78.6,82.82,83.43,77.84,29701000.0,3452818100.0
2024-01-26,82.56,81.1,82.56,79.55,23215000.0,2684718200.0
2024-01-29,79.44,72.38,79.44,67.26,42655900.0,4424564000.0
2024-01-30,71.79,70.49,73.8,70.16,21396800.0,2200544100.0
2024-01-31,69.65,71.64,75.3,68.73,28299500.0,2927986700.0
2024-02-01,72.35,77.57,81.13,70.75,35111600.0,3847918800.0
2024-02-02,78.17,76.71,79.6,75.16,27957800.0,3103259099.9999995
2024-02-05,75.38,78.25,82.15,75.29,36554700.0,4102681200.0
2024-02-06,77.29,87.51,87.51,76.67,35496900.0,4195653500.0
2024-02-07,86.23,87.31,88.3,85.14,27058000.0,3350814400.0
2024-02-08,89.39,89.03,96.22,87.45,35591800.0,4632654900.0
2024-02-19,96.93,107.28,107.28,93.96,41589100.0,5903577700.0
2024-02-20,107.71,112.38,114.89,106.27,44837200.0,7034768600.0
2024-02-21,106.99,105.53,108.45,103.62,45141600.0,6804226899.999999
2024-02-22,111.34,108.8,112.48,105.17,41951500.0,6487864800.0
2024-02-23,112.74,103.92,113.46,103.44,49034100.0,7510727200.0
2024-02-26,99.83,104.86,106.57,99.83,33292700.0,4922663300.0
2024-02-27,103.73,114.13,116.12,102.7,45132300.0,7020038800.0
2024-02-28,113.46,105.42,114.82,105.42,40110600.0,6279629100.0
2024-02-29,107.71,109.26,111.88,106.27,36809400.0,5701689000.0
2024-03-01,109.89,113.53,115.27,109.89,37820700.0,6060755900.0
2024-03-04,117.13,116.81,120.4,112.82,40503500.0,6720413300.0
2024-03-05,115.11,119.32,127.04,114.62,46923400.0,8060200300.0
2024-03-06,117.77,117.97,120.07,114.78,30408000.0,5067085300.0
2024-03-07,119.93,115.71,123.35,115.61,30368900.0,5133479800.0
2024-03-08,119.11,123.51,124.9,116.08,36453800.0,6201217400.0
2024-03-11,117.79,120.36,120.62,115.82,34161700.0,5731310699.999999
2024-03-12,119.78,116.23,121.07,112.58,36190500.0,5953070300.0
2024-03-13,120.94,116.33,121.28,116.25,31768400.0,5342847000.0
2024-03-14,114.18,119.59,121.36,114.18,31101700.0,5214891300.0
2024-03-15,117.77,125.21,127.4,116.76,38974200.0,6764300200.0
2024-03-18,126.21,127.1,131.48,125.38,32993600.0,5992840699.999999
2024-03-19,122.3,122.66,124.7,120.97,33277200.0,5780641200.0
2024-03-20,121.36,119.18,123.99,117.05,32158000.0,5463505000.0
2024-03-21,119.38,118.26,121.84,117.29,25327300.0,4286811000.0
2024-03-22,118.49,118.26,120.3,117.31,22615300.0,3808295900.0000005
2024-03-25,118.46,117.42,121.28,115.61,22335700.0,3768601700.0
2024-03-26,116.7,111.66,121.92,105.56,46524600.0,7652591700.0
2024-03-27,113.3,108.57,114.16,107.54,29085600.0,4521397200.0
2024-03-28,109.16,108.93,112.65,106.37,26330900.0,4086743000.0
2024-03-29,107.78,110.27,110.59,106.88,16722000.0,2590950100.0
2024-04-01,111.15,114.9,115.53,109.7,21793100.0,3504589300.0
2024-04-02,114.18,114.57,117.05,112.76,19455600.0,3171195400.0
2024-04-03,112.02,109.94,113.14,109.6,16630400.0,2618840300.0
2024-04-08,109.58,116.02,119.42,109.58,25924300.0,4269465700.0
2024-04-09,115.61,116.26,117.04,112.91,17038300.0,2785008000.0
2024-04-10,114.37,112.38,116.25,110.59,16849100.0,2696699500.0
2024-04-11,113.46,112.85,116.03,112.59,14886300.0,2416242500.0
2024-04-12,115.61,119.44,123.01,115.26,30735100.0,5182116000.0
2024-04-15,118.34,119.57,121.75,117.45,17939600.0,3047691500.0
2024-04-16,117.99,117.31,121.72,114.93,18793500.0,3145449600.0
2024-04-17,118.73,123.24,124.27,117.05,21453600.0,3698968600.0
2024-04-18,120.4,122.35,124.45,118.63,16413500.0,2824168100.0
2024-04-19,121.47,120.43,123.69,115.54,21452800.0,3624908300.0
2024-04-22,109.15,111.56,112.73,106.19,34918300.0,5442876600.0
2024-04-23,112.0,110.95,114.08,108.77,24066700.0,3799155400.0
2024-04-24,112.58,118.68,119.21,111.2,27610700.0,4549241900.0
2024-04-25,116.26,115.72,118.37,115.1,16671800.0,2750305000.0
2024-04-26,120.64,130.6,132.84,120.36,40657800.0,7323462800.0
2024-04-29,132.83,132.64,134.29,131.08,24976000.0,4689147200.0
2024-04-30,132.5,131.64,136.36,131.49,16590100.0,3125768500.0
2024-05-06,135.01,129.42,136.17,129.16,19870200.0,3706333200.0
2024-05-07,132.7,124.8,133.38,121.43,30864400.0,5529937100.0
2024-05-08,123.88,123.37,125.62,122.44,16068800.0,2814674400.0
2024-05-09,122.73,122.21,123.23,118.65,18208000.0,3126602000.0
2024-05-10,120.5,120.79,121.85,117.54,15323900.0,2601899900.0
2024-05-13,121.72,121.04,124.24,120.26,16664000.0,2884117100.0
2024-05-14,121.26,116.64,122.08,116.11,21466100.0,3588890000.0
2024-05-15,116.34,117.6,120.79,115.97,15412100.0,2592032900.0
2024-05-16,121.35,120.28,123.22,119.93,23207500.0,3996206000.0
2024-05-17,118.34,120.34,122.3,115.78,19908100.0,3355521500.0
2024-05-20,119.21,124.85,126.28,117.41,24224900.0,4216190000.0
2024-05-21,124.71,125.26,127.33,124.06,13305200.0,2365089300.0
2024-05-22,124.24,122.2,124.87,121.88,13940000.0,2424031300.0
2024-05-23,125.67,122.65,126.87,119.12,22164500.0,3862401500.0
2024-05-24,121.36,116.61,126.92,116.32,27366600.0,4707445200.0
2024-05-27,117.13,118.77,120.56,116.33,16695100.0,2800223300.0
2024-05-28,117.77,113.47,118.05,112.81,24734600.0,4020566700.0
2024-05-29,116.33,113.46,117.05,113.08,15789800.0,2569503600.0
2024-05-30,113.53,112.72,114.82,111.78,10958500.0,1761805700.0
2024-05-31,110.59,110.78,114.67,108.82,14953600.0,2374106000.0
2024-06-03,113.46,118.74,121.15,112.26,28507600.0,4731275300.0
2024-06-04,119.93,122.08,123.51,119.49,20440200.0,3530988600.0
2024-06-05,121.43,117.74,122.44,117.74,14107200.0,2396263100.0
2024-06-06,121.4,123.52,128.02,121.4,40541000.0,5135755300.0
2024-06-07,122.2,117.61,124.04,117.09,31591700.0,3833371100.0
2024-06-11,117.09,117.11,119.76,115.49,19973500.0,2379405400.0
2024-06-12,117.1,117.31,119.43,115.12,16625000.0,1985567500.0
2024-06-13,118.97,121.8,124.53,117.78,30630900.0,3771612500.0
2024-06-14,123.11,136.4,138.58,122.18,58687400.0,7839639200.0
2024-06-17,139.1,140.61,143.04,138.6,37826600.0,5391099000.0
2024-06-18,140.68,145.01,149.59,140.68,34457800.0,5098018700.0
2024-06-19,147.85,144.1,148.34,142.3,24641300.0,3612996800.0
2024-06-20,144.1,142.8,147.06,142.76,20839800.0,3048856100.0
2024-06-21,138.6,141.1,143.9,138.11,23695800.0,3370036599.9999995
2024-06-24,143.3,138.31,144.59,137.65,20461300.0,2921350300.0000005
2024-06-25,133.1,133.0,135.7,131.65,26448900.0,3578138700.0
2024-06-26,136.1,138.1,138.87,135.7,26628300.0,3707870900.0000005
2024-06-27,136.07,134.24,138.1,133.9,17307400.0,2379118700.0
2024-06-28,134.1,135.98,139.94,133.85,22826300.0,3172322000.0
2024-07-01,135.45,143.0,144.43,135.11,29649300.0,4223116000.0
2024-07-02,143.08,143.71,145.76,140.8,22876900.0,3316855700.0
2024-07-03,142.1,141.6,142.55,138.2,15117500.0,2158451000.0
2024-07-04,143.9,141.11,145.45,141.11,17276700.0,2504153000.0
2024-07-05,141.7,139.6,142.38,136.81,18038700.0,2543120900.0
2024-07-08,144.19,142.49,145.1,140.49,20380800.0,2949013400.0000005
2024-07-09,141.99,152.43,154.1,140.51,31006800.0,4642266400.0
2024-07-10,152.1,155.63,156.07,150.68,23634500.0,3673033700.0
2024-07-11,157.31,151.36,157.78,147.4,29084300.0,4476813400.0
2024-07-12,146.21,148.22,149.07,144.1,20031200.0,2976010800.0
2024-07-15,146.1,147.68,149.47,143.4,17939700.0,2664238600.0
2024-07-16,147.78,146.22,148.58,141.9,25208600.0,3698321599.9999995
2024-07-17,145.08,139.81,145.57,138.53,28992300.0,4145866200.0
2024-07-18,134.11,138.1,138.61,131.35,33790900.0,4619009600.0
2024-07-19,135.3,133.08,137.4,133.06,22467100.0,3063009900.0
2024-07-22,132.1,132.7,134.6,130.24,20627100.0,2777150100.0
2024-07-23,135.1,129.02,135.18,129.0,20271800.0,2707670600.0
2024-07-24,127.61,128.44,133.6,127.29,22128900.0,2916400900.0000005
2024-07-25,124.8,120.37,125.48,118.95,34355400.0,4246699200.0
2024-07-26,120.81,122.35,123.9,119.17,22474500.0,2778076000.0
2024-07-29,122.09,127.69,129.41,121.26,26996300.0,3466688600.0
2024-07-30,126.1,125.76,127.58,123.78,15853900.0,2022304800.0
2024-07-31,124.48,127.6,128.1,121.2,28132700.0,3589623000.0
2024-08-01,132.6,128.0,133.55,127.61,27979200.0,3706785000.0
2024-08-02,120.48,117.08,122.32,116.78,37967600.0,4584956000.0
2024-08-05,111.14,108.22,114.9,107.09,47058900.0,5309927900.0
2024-08-06,113.0,112.58,115.34,111.02,33381800.0,3824830300.0000005
2024-08-07,111.1,111.42,114.1,110.1,20635300.0,2351788700.0
2024-08-08,108.1,108.6,110.39,107.1,20445200.0,2259430400.0
2024-08-09,111.1,110.63,113.1,110.38,25518200.0,2902018800.0
2024-08-12,110.45,111.45,113.5,110.45,17529000.0,1998402100.0
2024-08-13,113.1,115.04,116.59,112.2,25479600.0,2963496100.0
2024-08-14,118.12,113.88,118.6,113.88,20635500.0,2433217400.0
2024-08-15,113.86,113.2,115.02,111.9,14976300.0,1726995600.0
2024-08-16,116.3,118.06,119.99,116.3,27506300.0,3304747100.0
2024-08-19,119.3,119.74,121.75,117.55,18725400.0,2286153000.0
2024-08-20,122.09,119.79,123.28,119.35,16960500.0,2085883200.0
2024-08-21,118.3,120.32,121.87,118.1,13381500.0,1634151000.0
2024-08-22,120.56,119.49,121.37,118.57,10673500.0,1302086400.0
2024-08-23,119.09,118.02,119.58,116.6,12275400.0,1468408100.0
2024-08-26,119.9,112.44,120.47,110.96,26366300.0,3067115200.0
2024-08-27,111.61,111.35,113.68,109.82,16377600.0,1856846900.0
2024-08-28,111.1,110.66,113.61,109.33,14895200.0,1681050600.0
2024-08-29,104.87,104.74,105.6,100.4,37485100.0,3940028500.0
2024-08-30,104.52,107.0,109.0,104.43,31259500.0,3403573400.0000005
2024-09-02,106.65,102.23,107.47,102.1,22085800.0,2327052900.0
2024-09-03,102.25,103.41,104.21,101.3,13014900.0,1363679700.0
2024-09-04,97.1,100.0,101.26,96.1,31225900.0,3128802900.0
2024-09-05,99.99,99.77,102.11,98.51,18634600.0,1905466600.0
2024-09-06,99.1,97.52,100.31,97.29,14485600.0,1452842500.0
2024-09-09,96.7,100.1,100.4,95.86,19469600.0,1943246200.0
2024-09-10,100.3,104.53,106.83,99.44,33098800.0,3482064300.0
2024-09-11,106.48,104.28,107.25,103.66,19611600.0,2100813599.9999998
2024-09-12,109.1,106.1,110.1,106.0,22198400.0,2433910100.0
2024-09-13,106.4,114.04,114.8,106.37,35284000.0,4029348700.0
2024-09-18,112.1,111.74,114.32,111.11,15117600.0,1728577300.0
2024-09-19,112.22,108.13,112.69,104.76,27338500.0,2991633100.0
2024-09-20,110.0,107.1,110.6,106.28,16076300.0,1764719000.0
2024-09-23,106.28,107.0,109.31,105.59,12615300.0,1383375300.0
2024-09-24,107.23,120.26,120.27,107.23,36020700.0,4180930900.0000005
2024-09-25,123.79,120.09,124.6,119.71,28631200.0,3541934200.0
2024-09-26,121.11,127.78,128.08,119.8,26839000.0,3378957100.0
2024-09-27,126.89,131.7,135.78,124.16,49555500.0,6509047700.0
2024-09-30,134.1,152.96,153.6,130.1,61306500.0,8838229200.0
2024-10-08,183.9,183.93,183.93,159.8,74989300.0,13308382400.0
2024-10-09,173.21,164.5,183.67,161.6,65754800.0,11459742400.0
2024-10-10,166.3,160.81,167.79,155.1,46360900.0,7589027800.0
2024-10-11,157.11,157.74,166.4,154.79,35176100.0,5695350500.0
2024-10-14,157.1,160.1,160.68,150.45,42267400.0,6663611600.0
2024-10-15,159.1,155.9,165.16,155.78,32637400.0,5281198000.0
2024-10-16,149.96,146.8,152.83,145.76,37880500.0,5693117200.0
2024-10-17,149.1,148.6,151.6,146.85,25106700.0,3793453500.0
2024-10-18,148.1,166.1,175.1,147.76,58646400.0,9564395300.0
2024-10-21,164.5,163.07,169.9,157.21,54772700.0,9003582200.0
2024-10-22,167.1,168.1,168.43,161.6,40726400.0,6821195800.0
2024-10-23,158.1,154.26,160.72,153.8,60557900.0,9627559800.0
2024-10-24,152.95,155.2,164.08,152.6,44036400.0,7032009200.0
2024-10-25,156.99,154.46,157.91,151.75,38942600.0,6088855200.0
2024-10-28,154.47,148.64,154.85,146.2,40852100.0,6160960500.0
2024-10-29,146.0,141.57,146.1,141.17,49801500.0,7211970300.0
2024-10-30,141.1,139.35,143.6,137.42,36838900.0,5242208000.0
2024-10-31,138.1,141.12,144.38,136.9,37454100.0,5363028600.0
2024-11-01,139.58,138.83,143.96,137.61,29520800.0,4204138000.0
2024-11-04,140.09,141.25,145.0,139.09,26075200.0,3740161200.0
2024-11-05,141.25,146.39,146.93,140.6,44324000.0,6484766800.000001
2024-11-06,146.45,141.0,147.3,140.11,41890800.0,6100124900.0
2024-11-07,137.07,143.18,145.88,134.46,42156300.0,5996295100.0
2024-11-08,145.61,140.31,149.32,140.31,49400000.0,7280882900.0
2024-11-11,139.1,143.0,145.3,136.12,43402400.0,6205807600.0
2024-11-12,143.11,145.6,148.87,140.61,54581600.0,8039834399.999999
2024-11-13,144.62,154.4,156.18,142.2,67028100.0,10232668500.0
2024-11-14,152.85,146.91,154.67,146.19,39636100.0,6015707900.0
2024-11-15,146.91,138.6,150.98,138.3,37995500.0,5538616899.999999
2024-11-18,137.1,130.11,138.06,128.98,40771600.0,5496304200.0
2024-11-19,131.43,132.9,134.77,127.97,29837100.0,3969159099.9999995
2024-11-20,133.59,136.24,139.59,133.48,33693800.0,4677398000.0
2024-11-21,134.11,131.9,136.4,129.35,32328500.0,4349951100.0
2024-11-22,131.9,130.38,137.08,129.88,30118800.0,4081642100.0
2024-11-25,130.6,123.1,131.9,120.6,43013700.0,5401072900.0
2024-11-26,122.1,125.14,127.1,121.6,31049700.0,3928288900.0
2024-11-27,124.1,126.79,128.59,122.51,24617600.0,3137693000.0
2024-11-28,125.52,122.89,125.99,122.4,25241200.0,3163033200.0
2024-11-29,123.1,124.83,127.96,122.63,28490500.0,3621763200.0
2024-12-02,126.09,130.13,132.26,125.55,34766300.0,4579339800.0
2024-12-03,130.1,128.1,131.3,126.98,19942200.0,2612636300.0
2024-12-04,127.68,126.12,129.48,125.4,18563300.0,2386692600.0
2024-12-05,127.21,129.94,132.56,127.05,31761100.0,4208443800.0
2024-12-06,130.16,129.61,132.3,128.89,20295600.0,2684755800.0
2024-12-09,129.65,123.2,129.69,121.51,37629100.0,4745718900.0
2024-12-10,126.95,121.25,126.96,119.62,45022500.0,5595924300.000001
2024-12-11,120.1,123.23,124.29,118.21,32730700.0,4066997000.0
2024-12-12,123.1,128.27,129.72,122.98,45017400.0,5842276200.0
2024-12-13,128.1,125.2,129.48,123.26,34654600.0,4411765100.0
2024-12-16,126.07,120.9,126.33,120.38,29185500.0,3608913200.0
2024-12-17,121.1,124.09,128.57,120.65,41261400.0,5244452700.0
2024-12-18,125.3,121.53,125.6,120.76,26538900.0,3284955700.0
2024-12-19,120.28,125.14,125.63,119.9,31095900.0,3902829600.0
2024-12-20,124.41,125.2,128.09,124.41,29491000.0,3776819000.0
2024-12-23,127.6,130.69,133.86,126.38,52194900.0,6901435200.0
2024-12-24,131.11,129.71,132.3,126.28,35099300.0,4577779700.0
2024-12-25,129.32,133.09,136.04,128.79,36355900.0,4913728800.0
2024-12-26,133.97,138.9,139.6,131.66,42898200.0,5971765600.000001
2024-12-27,139.21,134.95,139.66,133.83,33332200.0,4613987500.0
2024-12-30,136.1,129.28,136.4,128.18,36501500.0,4836103700.0
2024-12-31,129.06,121.61,129.1,121.6,39387700.0,4941393700.0
2025-01-02,120.9,120.21,123.9,118.8,26859600.0,3303452700.0
2025-01-03,120.61,121.11,122.8,119.1,26789700.0,3306147600.0
2025-01-06,122.98,123.59,126.38,122.6,26393200.0,3326729200.0
2025-01-07,124.46,126.45,126.7,121.7,29200600.0,3683257700.0
2025-01-08,123.98,122.32,124.0,119.82,28637100.0,3554744400.0
2025-01-09,121.11,119.61,121.8,119.58,29351000.0,3584962700.0
2025-01-10,119.54,111.23,119.54,110.9,53030300.0,6122576700.0
2025-01-13,108.3,108.9,112.18,107.79,35746700.0,3992272300.0
2025-01-14,109.0,112.45,112.6,106.88,38343400.0,4312170500.0
2025-01-15,111.31,108.64,111.48,108.33,29329700.0,3263095800.0
2025-01-16,109.98,117.59,118.47,108.8,71047800.0,8243630400.0
2025-01-17,118.1,115.0,118.68,113.25,44653900.0,5243522700.0
2025-01-20,116.06,117.26,119.5,115.94,39065200.0,4674892900.0
2025-01-21,120.1,117.66,121.06,116.48,38273900.0,4591929900.0
2025-01-22,119.98,130.1,132.05,119.7,84480300.0,10837318799.999998
2025-01-23,130.68,125.85,132.77,125.41,60842000.0,7960645500.0
2025-01-24,125.24,126.35,128.06,124.34,41111600.0,5262527000.0
2025-01-27,121.1,112.92,121.1,112.92,68194200.0,8075435699.999999
2025-02-05,107.1,96.35,107.1,93.92,97108100.0,9629075700.0
2025-02-06,98.89,99.1,99.38,96.13,65465800.0,6532642400.0
2025-02-07,100.1,105.88,107.5,99.81,76269900.0,8139501200.0
2025-02-10,108.76,108.72,109.57,105.91,50515200.0,5543789600.0
2025-02-11,109.12,109.6,111.98,107.7,43879500.0,4927359400.0
2025-02-12,108.8,110.0,110.09,108.1,35424600.0,3929730500.0
2025-02-13,109.1,106.22,109.43,106.16,39435000.0,4318115900.0
2025-02-14,107.87,105.53,109.43,104.15,36238900.0,3928766800.0
2025-02-17,106.71,113.66,115.96,106.7,71522400.0,8128766899.999999
2025-02-18,112.51,111.69,115.08,111.12,45956200.0,5263769100.0
2025-02-19,112.25,112.34,112.76,109.56,37706400.0,4275525700.0
2025-02-20,112.31,112.54,114.34,110.71,35373000.0,4047900000.0
2025-02-21,113.99,116.83,118.8,112.9,57448600.0,6788966700.0
2025-02-24,116.1,112.6,116.1,112.11,52055400.0,5995134399.999999
2025-02-25,109.11,109.45,111.22,108.6,45792800.0,5120902600.0
2025-02-26,108.86,110.32,110.46,106.11,49434000.0,5415565200.0
2025-02-27,111.9,106.28,112.93,105.63,52782100.0,5833183600.0
2025-02-28,101.1,98.97,102.07,98.32,55544100.0,5674377800.0
2025-03-03,100.54,100.87,102.58,98.22,42604000.0,4363389300.0
2025-03-04,96.38,100.56,101.38,95.9,32135300.0,3233931400.0
2025-03-05,101.08,101.56,103.07,100.49,25224900.0,2610957400.0
2025-03-06,102.1,103.27,104.58,100.9,40955900.0,4275345000.0
2025-03-07,101.87,100.34,101.89,99.96,32776800.0,3364355900.0000005
2025-03-10,100.34,100.48,101.2,99.1,24064000.0,2451720600.0
2025-03-11,98.1,99.88,99.91,97.5,20560000.0,2072991800.0
2025-03-12,100.8,100.46,101.68,99.91,25600900.0,2630768400.0000005
2025-03-13,101.85,100.59,102.98,99.9,27143600.0,2800508100.0
2025-03-14,100.1,102.09,102.87,99.4,36706400.0,3814550700.0
2025-03-17,103.1,102.36,103.91,102.1,26441500.0,2768114000.0
2025-03-18,102.33,106.96,107.97,100.91,65239600.0,6951391800.000001
2025-03-19,104.78,103.08,104.78,102.88,35279100.0,3727546700.0
2025-03-20,103.4,103.1,104.6,102.91,19889300.0,2097735000.0
2025-03-21,102.42,100.55,103.06,100.21,22733300.0,2343385500.0
2025-03-24,100.22,100.98,102.05,99.42,22978500.0,2360776100.0
2025-03-25,101.79,100.1,102.9,100.03,20722300.0,2138989700.0
2025-03-26,100.04,99.18,100.57,99.17,15909200.0,1616280100.0
2025-03-27,97.68,97.22,98.58,95.62,24205900.0,2392153700.0
2025-03-28,97.1,95.51,97.22,95.51,20128500.0,1975158599.9999998
2025-03-31,95.1,96.74,97.08,94.79,18250700.0,1785252900.0
2025-04-01,97.13,96.71,97.49,96.34,12295900.0,1213413300.0
2025-04-02,96.98,97.86,99.48,96.42,21827900.0,2188266000.0
2025-04-03,94.98,91.98,96.06,91.53,42498500.0,4056901500.0
2025-04-07,78.2,73.2,80.6,73.2,61630700.0,4754931700.0
2025-04-08,73.29,70.38,74.86,68.57,69279200.0,5049997300.0
2025-04-09,68.08,70.09,71.64,65.3,59550100.0,4218907300.0
2025-04-10,78.28,75.59,79.6,75.2,70926900.0,5639536800.000001
2025-04-11,74.1,76.47,77.38,74.01,42893700.0,3324538100.0
2025-04-14,79.1,79.64,82.6,79.0,54892700.0,4545571300.0
2025-04-15,79.25,78.27,79.48,77.39,24980100.0,2001414000.0
2025-04-16,76.63,76.09,76.81,74.76,26670100.0,2075615500.0
2025-04-17,75.19,75.71,76.95,75.19,18492500.0,1444517800.0
2025-04-18,75.71,77.24,77.37,75.65,25754800.0,2026905300.0
2025-04-21,78.53,79.29,80.36,77.25,33202800.0,2684025200.0
2025-04-22,78.1,78.17,78.68,77.21,23616400.0,1886578299.9999998
2025-04-23,80.2,81.62,83.44,78.98,60823400.0,5055290700.0
2025-04-24,81.1,79.43,82.26,79.36,30617400.0,2524324700.0
2025-04-25,80.6,83.37,85.09,80.6,64475800.0,5523635900.0
2025-04-28,83.37,81.49,83.62,81.31,31121700.0,2611582800.0
2025-04-29,81.45,81.19,82.33,80.52,20764700.0,1732324600.0
2025-04-30,81.35,81.59,82.2,80.51,22442100.0,1873973800.0
2025-05-06,83.27,84.75,85.29,83.25,34750100.0,3000543000.0
2025-05-07,86.86,84.75,87.14,83.74,31463600.0,2739491300.0
2025-05-08,86.96,94.59,96.1,86.23,99173500.0,9314493500.0
2025-05-09,92.79,92.9,94.56,92.1,42305500.0,4016111599.9999995
2025-05-12,96.9,95.37,97.16,93.2,46825000.0,4517746400.0
2025-05-13,98.9,94.53,98.9,94.51,52215700.0,5125045100.0
2025-05-14,96.15,96.49,99.19,96.15,54556400.0,5422424100.0
2025-05-15,96.1,92.22,96.18,92.2,43482000.0,4153582000.0
2025-05-16,91.5,95.93,97.58,91.31,52169500.0,5097600300.0
2025-05-19,94.79,93.38,95.5,93.32,30567100.0,2930543300.0
2025-05-20,93.39,94.06,95.28,92.5,26424300.0,2524962500.0
2025-05-21,93.73,93.83,95.4,92.75,26224200.0,2513117100.0
2025-05-22,93.1,92.56,94.88,92.5,23977500.0,2287188200.0
2025-05-23,92.51,89.97,93.46,89.8,27309900.0,2542296700.0
2025-05-26,90.09,90.46,91.09,88.96,18761600.0,1722241000.0
2025-05-27,89.09,88.26,90.28,86.98,27821900.0,2501889900.0
2025-05-28,89.1,90.72,91.09,89.1,30626100.0,2819311100.0
2025-05-29,91.7,93.04,94.69,91.38,42242200.0,4021230600.0
2025-05-30,91.88,91.65,92.48,90.61,21296600.0,1988389300.0
2025-06-03,90.6,89.86,91.32,89.85,18333000.0,1691460300.0
2025-06-04,91.09,95.4,96.07,91.09,61162500.0,5901679300.000001
2025-06-05,95.4,100.98,101.68,94.6,67768000.0,6838039800.0
2025-06-06,100.1,101.55,102.55,99.35,46803800.0,4834350400.0
2025-06-09,103.41,106.65,109.26,103.21,72691600.0,7850645400.0
2025-06-10,106.2,105.87,107.83,104.71,47918700.0,5186746200.0
2025-06-11,108.1,106.08,109.08,105.18,34304400.0,3727687100.0
2025-06-12,105.2,114.1,117.3,105.1,86486900.0,10020896600.0
2025-06-13,112.61,114.75,115.99,112.08,47488900.0,5533959000.0
2025-06-16,115.02,118.67,121.55,115.0,59369900.0,7204021600.0
2025-06-17,119.11,117.46,120.3,116.0,35823700.0,4277997500.0
2025-06-18,116.61,123.16,123.7,114.2,67826300.0,8223181200.0
2025-06-19,123.16,126.9,129.39,122.2,62573500.0,8012237000.0
2025-06-20,128.6,128.1,129.78,123.37,49300500.0,6336169500.0
2025-06-23,125.9,125.69,127.93,121.28,53502400.0,6766509200.0
2025-06-24,126.98,123.85,128.57,122.9,45000600.0,5693248400.0
2025-06-25,125.6,124.33,127.29,121.8,49245700.0,6175859600.0
2025-06-26,126.2,128.3,131.78,125.68,59978700.0,7803404700.0
2025-06-27,127.77,137.0,138.87,125.16,66277900.0,8945449900.0
2025-06-30,140.1,144.46,145.2,136.61,75214400.0,10740859600.0
2025-07-01,142.19,143.9,145.38,141.35,31959100.0,4641124100.0
2025-07-02,141.1,137.53,141.2,136.73,36577100.0,5109386400.0
2025-07-03,140.07,140.86,142.44,138.09,38397900.0,5430809300.000001
2025-07-04,141.71,138.05,143.78,137.15,41874500.0,5927014300.000001
2025-07-07,136.1,133.75,138.37,128.81,57520400.0,7722491400.0
2025-07-08,133.36,143.48,143.86,132.42,53224100.0,7500377300.0
2025-07-09,143.6,143.9,147.96,142.65,41509600.0,6085221000.0
2025-07-10,145.12,145.19,147.28,140.6,43540400.0,6336658700.0
2025-07-11,143.34,143.88,146.48,141.15,31098900.0,4513796000.0
2025-07-14,142.93,148.42,149.1,142.93,38853200.0,5781039399.999999
2025-07-15,153.9,173.41,173.59,153.9,92406400.0,15619206700.0
2025-07-16,178.4,169.36,180.57,168.27,90585200.0,15982905400.0
2025-07-17,167.79,175.45,177.59,167.77,60463100.0,10555310900.0
2025-07-18,179.78,179.22,190.61,177.6,61156200.0,11298766500.0
2025-07-21,178.49,186.55,187.0,175.78,59683500.0,10909835900.0
2025-07-22,185.7,183.04,195.7,180.0,59291300.0,11209847400.0
2025-07-23,177.6,184.78,186.48,174.6,40578400.0,7395940400.0
2025-07-24,189.1,183.8,191.56,180.27,44208000.0,8263192100.0
2025-07-25,184.6,183.82,188.5,183.11,28787700.0,5368796800.000001
2025-07-28,184.6,190.47,191.83,182.8,43894800.0,8281245600.000001
2025-07-29,196.61,208.53,209.59,196.61,58440400.0,12100039500.0
2025-07-30,205.66,209.2,210.4,202.19,39050600.0,8122926800.000001
2025-07-31,219.6,216.21,227.2,214.53,64406600.0,14274550600.0
2025-08-01,211.12,209.23,219.48,206.23,47594700.0,10151901400.0
2025-08-04,206.13,207.02,208.94,203.1,33083700.0,6857077200.0
2025-08-05,215.1,209.52,216.97,202.1,41413800.0,8698318800.0
2025-08-06,205.31,209.12,212.18,205.21,25530200.0,5366654100.0
2025-08-07,209.12,207.06,214.6,195.8,45307700.0,9320003500.0
2025-08-08,205.6,207.9,212.48,203.6,32731500.0,6886805800.0
2025-08-11,208.6,213.35,219.1,208.59,35076300.0,7548076000.0
2025-08-12,213.6,224.28,224.99,211.6,43082900.0,9534149000.0
2025-08-13,225.35,250.6,251.56,222.6,55126500.0,13273578000.0
2025-08-14,245.0,238.07,246.69,238.0,40760100.0,9927494300.0
2025-08-15,240.07,236.65,244.05,233.71,35054100.0,8382671300.0
2025-08-18,240.22,258.6,266.6,236.68,46985000.0,11956921100.000002
2025-08-19,258.6,274.1,276.18,257.5,40978900.0,11069282600.0
2025-08-20,260.59,266.39,267.6,256.01,40819700.0,10773819000.0
2025-08-21,271.4,263.82,273.2,254.7,39443600.0,10428978800.0
2025-08-22,257.71,277.5,279.48,257.6,38258200.0,10408840500.0
2025-08-25,286.6,318.6,318.6,286.6,49806100.0,15236503899.999998
2025-08-26,312.2,312.6,321.4,304.6,36191900.0,11402947500.0
2025-08-27,318.6,323.7,344.5,309.91,61074600.0,20077028400.0
2025-08-28,321.47,357.63,358.18,321.05,58391600.0,20116514900.0
2025-08-29,350.6,353.52,366.3,343.57,49033300.0,17315300300.0
2025-09-01,371.35,404.7,412.4,362.6,59865100.0,23173867500.0
2025-09-02,400.62,382.6,418.2,372.47,78412700.0,31063167500.0
2025-09-03,390.6,424.79,428.59,377.7,71235200.0,28716626600.0
2025-09-04,434.6,367.74,446.6,362.48,93905700.0,36731803900.0
2025-09-05,376.62,405.6,417.48,360.32,79255100.0,30591669100.0
2025-09-08,392.6,368.59,392.6,342.6,74111600.0,27097510099.999996
2025-09-09,363.62,357.89,371.21,345.6,48063100.0,17329017100.0
2025-09-10,376.6,383.6,394.08,369.18,62010200.0,23749946600.0
2025-09-11,400.79,438.57,442.59,400.79,65680200.0,27786933600.0
2025-09-12,415.6,420.69,430.59,408.6,47250600.0,19984616500.0
2025-09-15,408.6,406.62,418.57,396.24,35752500.0,14621407500.0
2025-09-16,408.63,410.02,420.57,394.82,44253300.0,17975150700.0
2025-09-17,403.6,404.8,411.58,389.71,32431600.0,13067610600.0
2025-09-18,392.81,408.0,428.59,387.81,56160800.0,22855124000.0
2025-09-19,414.0,420.1,423.6,398.63,46653600.0,19367174600.0
2025-09-22,415.89,416.6,420.4,393.28,41268500.0,16928692900.0
2025-09-23,445.61,432.89,455.61,416.6,53444000.0,23278260099.999996
2025-09-24,414.61,422.1,433.6,408.6,39338600.0,16589365300.0
2025-09-25,414.61,433.2,441.56,402.6,50559200.0,21620180900.0
2025-09-26,427.65,412.3,440.9,412.3,35111800.0,14918149500.0
2025-09-29,408.72,415.35,431.77,401.69,42905900.0,18029890000.0
2025-09-30,417.11,402.28,433.6,396.66,39289300.0,16248125300.0
2025-10-09,417.6,397.41,425.26,396.28,39090900.0,16122596900.0
2025-10-10,397.61,388.6,406.4,379.61,38428600.0,15167250800.0
2025-10-13,368.0,375.99,381.0,360.8,40931300.0,15302419900.0
2025-10-14,384.0,345.1,384.94,343.0,51433900.0,18448572400.0
2025-10-15,344.0,353.12,356.0,336.0,35317300.0,12275375100.0
2025-10-16,350.14,365.97,378.3,349.03,34256800.0,12630929300.0
2025-10-17,366.17,372.6,380.91,359.0,46763600.0,17358864500.0
2025-10-20,407.19,402.0,420.21,394.58,60155100.0,24468412300.0
2025-10-21,409.0,440.5,450.48,404.0,56517900.0,24436154400.0
2025-10-22,435.09,443.3,456.5,435.09,39749900.0,17757275800.0
2025-10-23,440.08,439.88,442.0,424.7,27601100.0,12011352800.0
2025-10-24,449.0,493.0,494.65,436.1,49102500.0,23033970700.0
2025-10-27,502.98,507.94,514.0,494.56,45072400.0,22787904800.0
2025-10-28,502.3,512.0,535.0,500.0,41796100.0,21740189200.0
2025-10-29,537.01,519.72,541.01,505.16,41727100.0,21670889400.0
2025-10-30,515.51,513.74,537.0,508.0,45331000.0,23600113500.0
2025-10-31,502.0,472.01,508.0,471.0,56301300.0,27346603000.0
2025-11-03,469.67,479.0,482.4,456.51,39840900.0,18730146900.0
2025-11-04,488.6,476.8,503.29,472.88,36085400.0,17622197000.0
2025-11-05,461.02,476.01,479.0,457.79,26408800.0,12390456800.0
2025-11-06,487.0,495.88,506.88,481.27,37325100.0,18457495800.0
2025-11-07,490.0,489.05,498.79,478.0,24310000.0,11923843200.0
2025-11-10,487.88,489.0,494.88,459.0,35211100.0,16744462600.0
2025-11-11,492.68,467.05,498.66,463.0,32513100.0,15621818899.999998
2025-11-12,458.63,490.75,491.39,449.01,42302200.0,19890723500.0
2025-11-13,488.28,480.0,488.28,469.01,31331700.0,15002143500.0
2025-11-14,464.18,461.82,472.88,453.22,24727300.0,11512786200.000002
2025-11-17,474.2,482.2,487.64,467.4,28246600.0,13512966100.000002
2025-11-18,473.7,471.91,489.8,469.01,24067900.0,11554982000.0
2025-11-19,471.43,487.6,498.7,471.0,33786500.0,16542781800.0
2025-11-20,514.0,491.0,521.38,489.33,35352200.0,17783386600.0
2025-11-21,471.99,463.01,482.0,459.0,41412300.0,19479251600.0
2025-11-24,469.0,455.8,475.99,435.96,46425800.0,21222535800.0
2025-11-25,476.01,478.66,493.8,469.01,43936500.0,21131904300.0
2025-11-26,474.2,542.22,555.88,469.4,62895100.0,32975131600.0
2025-11-27,536.0,523.0,557.77,522.36,43732800.0,23641332200.000004
2025-11-28,526.2,513.5,528.8,507.6,32465700.0,16750682600.0
2025-12-01,523.0,537.0,545.5,514.0,37286700.0,19884723700.0
2025-12-02,541.0,541.0,550.13,534.5,27161500.0,14774407400.0
2025-12-03,539.54,522.73,557.58,521.11,36832800.0,19817626700.0
2025-12-04,516.37,534.5,535.53,511.34,26319400.0,13837413100.0
2025-12-05,538.53,536.05,544.0,524.0,28282600.0,15166870100.0
2025-12-08,542.0,569.0,584.0,538.0,40822400.0,23130085500.0
2025-12-09,569.09,605.0,612.0,567.54,37129300.0,22178752599.999996
2025-12-10,608.06,615.0,619.0,588.5,30209400.0,18313255400.0
2025-12-11,609.0,585.81,626.11,584.91,36353100.0,22007836000.0
2025-12-12,586.0,581.0,602.88,569.22,46878900.0,27362453100.0
2025-12-15,569.0,569.86,587.0,567.0,30098700.0,17331138600.0
2025-12-16,567.8,550.79,574.0,544.01,27970200.0,15609524900.0
2025-12-17,556.0,588.98,591.07,555.66,32357000.0,18602336300.0
2025-12-18,575.99,570.2,578.87,562.43,24162900.0,13813326900.0
2025-12-19,582.34,570.7,586.0,569.28,22442900.0,12979061299.999998
2025-12-22,589.01,616.5,621.0,589.01,39441200.0,23897727799.999996
2025-12-23,624.0,620.0,627.99,613.0,23364200.0,14498372800.0
2025-12-24,626.64,633.4,637.0,616.6,23509100.0,14752690700.0
2025-12-25,644.0,638.8,657.8,617.41,25938700.0,16554891800.0
2025-12-26,627.3,626.0,635.95,617.0,21376200.0,13392778799.999998
2025-12-29,626.64,617.0,632.69,611.73,24112600.0,14961103100.0
2025-12-30,617.1,631.0,643.34,614.0,26114500.0,16460770400.0
2025-12-31,628.0,609.0,632.0,607.0,22560400.0,13944072000.0
2026-01-05,620.08,622.51,626.29,599.17,30204200.0,18658748200.0
2026-01-06,605.0,604.25,614.8,589.2,33558300.0,20243859700.0
2026-01-07,615.8,618.6,627.0,601.0,28001500.0,17281312000.0
2026-01-08,610.1,594.45,615.0,591.0,29196200.0,17523125500.0
2026-01-09,574.94,582.2,594.0,560.61,38572300.0,22201259700.000004
2026-01-12,569.0,590.97,599.0,557.85,38360800.0,22117906800.0
2026-01-13,579.8,584.76,615.6,579.01,32055900.0,19108310000.0
2026-01-14,594.35,592.0,599.88,566.01,41733000.0,24433697900.0
2026-01-15,582.2,624.02,635.99,580.02,45903800.0,27888274500.0
2026-01-16,634.97,616.0,644.0,614.02,37272400.0,23373957100.0
2026-01-19,604.0,604.5,618.0,601.57,22307900.0,13561463200.0
2026-01-20,604.52,584.0,607.0,579.0,26290000.0,15451090100.0
2026-01-21,585.24,580.9,598.66,580.0,25095900.0,14836515600.0
2026-01-22,589.08,620.0,623.5,584.0,40194400.0,24274588600.0
2026-01-23,613.0,584.0,614.0,579.16,39656000.0,23458779400.0
2026-01-26,579.0,588.8,597.0,571.01,26088100.0,15300491100.000002
2026-01-27,588.96,614.6,629.0,585.7,38728700.0,23794065700.0
2026-01-28,631.0,627.0,643.98,622.0,32926400.0,20818996200.0
2026-01-29,636.0,612.85,636.95,609.11,24894000.0,15437115000.0
2026-01-30,615.2,648.0,652.58,604.93,35759200.0,22650812300.0
2026-02-02,634.01,590.0,657.58,590.0,55998000.0,34642172800.0
2026-02-03,606.0,588.7,617.8,575.0,42918000.0,25546318100.0
2026-02-04,569.0,559.0,573.55,524.13,52721000.0,29004521600.0
2026-02-05,560.01,560.99,576.75,555.01,31867500.0,18014061300.0
2026-02-06,547.11,539.01,560.88,529.3,32867600.0,17909389400.0
2026-02-09,560.0,564.99,572.99,549.12,36663300.0,20565541900.0
2026-02-10,560.55,554.71,572.68,554.5,21715800.0,12239667600.0
2026-02-11,550.01,530.91,553.0,521.53,39713600.0,21161447599.999996
2026-02-12,534.0,526.46,545.38,522.38,30178600.0,16055660100.0
2026-02-13,523.0,530.0,542.8,514.0,26043600.0,13816376800.0
2026-02-24,541.0,553.0,571.02,521.0,35655800.0,19693436100.0
2026-02-25,549.0,565.07,568.86,547.0,21479200.0,11999241100.000002
2026-02-26,565.07,571.22,573.0,558.0,25280000.0,14340448899.999998
2026-02-27,554.0,533.0,558.98,530.11,34712500.0,18806220500.0
2026-03-02,519.0,569.58,579.0,519.0,49310300.0,27557516400.0
2026-03-03,569.8,562.8,598.04,562.28,39310100.0,22869564200.0
2026-03-04,553.02,538.0,562.5,535.5,30742900.0,16777788899.999998
2026-03-05,555.0,556.0,584.0,551.6,37900400.0,21444655500.0
2026-03-06,552.0,544.48,558.98,536.06,21966800.0,12028188500.0
2026-03-09,519.1,524.99,527.3,505.0,31474300.0,16230653700.000002
2026-03-10,539.0,546.0,547.98,529.02,28309400.0,15348948100.0
2026-03-11,556.0,553.68,567.9,552.0,23897200.0,13412042200.0
2026-03-12,556.25,533.8,562.58,527.5,23911700.0,12905792500.0
2026-03-13,525.5,541.02,547.88,524.01,21198200.0,11483224100.0
2026-03-16,548.05,560.7,564.0,539.32,27432000.0,15210952000.0
2026-03-17,569.0,542.0,576.88,538.0,30041000.0,16803741800.0
2026-03-18,552.86,579.0,581.05,549.0,37780500.0,21435555299.999996
2026-03-19,579.0,574.2,591.8,568.9,33140800.0,19280585900.0
2026-03-20,604.0,611.0,631.72,603.1,53853900.0,33344122500.0
2026-03-23,589.31,598.62,617.1,584.0,37852000.0,22741347100.0
2026-03-24,598.0,602.19,604.0,576.0,28263600.0,16716920500.0
2026-03-25,624.0,627.4,634.0,615.05,33563100.0,21048050400.0
2026-03-26,625.89,613.2,644.0,611.83,26276900.0,16491318300.0
2026-03-27,597.85,597.0,608.88,587.66,22432600.0,13421963400.0
2026-03-30,584.0,588.08,594.58,578.0,20925500.0,12283293300.0
2026-03-31,570.0,568.41,584.9,554.0,26120200.0,14942137000.0
2026-04-01,590.0,600.87,601.0,580.2,25540500.0,15121134100.0
2026-04-02,592.01,581.0,595.77,577.69,17731000.0,10393303300.0
2026-04-03,599.0,605.52,624.0,593.35,29027100.0,17694513700.0
2026-04-07,607.0,618.53,635.66,596.7,23903100.0,14668397000.0
2026-04-08,652.53,687.14,687.26,642.0,39663000.0,26479882599.999996
2026-04-09,681.0,692.02,699.0,677.01,24961900.0,17248692700.0
2026-04-10,699.0,733.65,742.04,693.01,33080100.0,23842833200.0
2026-04-13,737.8,737.0,743.0,713.23,22887600.0,16730510500.0
2026-04-14,749.0,772.0,785.22,747.78,29266800.0,22475999300.0
2026-04-15,786.0,778.98,807.83,765.0,32345200.0,25441092900.0
2026-04-16,771.37,808.61,809.11,761.35,28657000.0,22749930900.0
2026-04-17,840.0,850.0,864.0,819.24,39857200.0,33630034500.0
2026-04-20,848.0,849.0,877.98,839.58,27263100.0,23357063800.0
2026-04-21,848.75,863.86,867.0,838.0,25113800.0,21433791300.0
2026-04-22,858.3,885.62,892.2,853.0,29438300.0,25705226800.0
2026-04-23,889.0,896.0,918.99,876.78,30986900.0,27877944600.0
2026-04-24,899.25,885.99,914.0,853.53,38388400.0,33962426800.0
2026-04-27,898.0,856.03,899.0,853.0,31814900.0,27543690299.999996
2026-04-28,853.0,824.0,853.0,820.0,29510900.0,24518220800.0
2026-04-29,815.23,845.0,862.0,815.23,25173100.0,21221971400.0
2026-04-30,863.66,857.5,874.65,845.0,21271000.0,18256407600.0
2026-05-06,888.5,856.0,889.0,840.45,30938600.0,26756822200.000004
2026-05-07,858.0,877.47,889.15,835.0,27719000.0,23995585900.0
2026-05-08,864.95,886.0,898.95,861.56,19764100.0,17406542400.0
2026-05-11,889.06,940.13,946.79,870.0,32265500.0,29399331300.0
2026-05-12,961.0,1017.99,1022.9,960.0,34542100.0,34442619200.0
2026-05-13,999.68,1049.2,1052.2,991.12,26000500.0,26467945099.999996
2026-05-14,1065.0,1078.0,1088.88,1025.1,30057100.0,31835259100.0
2026-05-15,1068.99,1049.87,1099.87,1034.0,27625300.0,29275322900.0
2026-05-18,1030.03,1045.0,1075.0,1030.03,24313200.0,25546322500.0
2026-05-19,1026.0,1030.0,1037.38,988.88,27274900.0,27528008900.0
2026-05-20,1019.11,1037.0,1071.0,1019.11,22597300.0,23581065500.0
2026-05-21,1060.0,993.34,1065.0,993.34,23772600.0,24395401300.0
2026-05-22,1010.04,1037.98,1044.87,1006.18,20933800.0,21509318900.0
2026-05-25,1054.99,1093.0,1094.98,1025.55,25076100.0,26633292500.0
2026-05-26,1079.0,1103.0,1110.0,1076.0,23439100.0,25717381400.0
2026-05-27,1090.0,1111.37,1147.0,1088.67,25068800.0,28064035000.0
2026-05-28,1100.0,1197.99,1199.79,1085.56,28746500.0,32911837700.0
2026-05-29,1190.0,1161.16,1209.99,1155.0,28726800.0,33891957400.000004
2026-06-01,1161.0,1130.0,1183.61,1113.9,26978200.0,30968403400.0
2026-06-02,1153.6,1191.81,1205.58,1140.01,29006300.0,34167017400.000004
2026-06-03,1220.0,1275.0,1320.0,1220.0,34525100.0,43881189300.0
2026-06-04,1250.0,1280.0,1290.0,1241.36,21714200.0,27594721500.0
2026-06-05,1273.2,1179.99,1301.51,1160.0,47474100.0,58324832699.99999
2026-06-08,1132.79,1154.99,1179.45,1132.0,33612000.0,38923878700.0
2026-06-09,1140.97,1180.0,1196.16,1126.9,39893000.0,46676010500.0
2026-06-10,1150.0,1147.0,1174.0,1128.8,22896500.0,26382501800.0
2026-06-11,1136.0,1124.0,1174.9,1093.0,30592400.0,34558724400.0
2026-06-12,1182.0,1149.0,1188.5,1128.18,34685100.0,40003007300.0
2026-06-15,1175.0,1245.0,1245.0,1122.0,34223700.0,40751494500.0
2026-06-16,1240.0,1248.09,1273.68,1232.46,23282200.0,29091725600.0
2026-06-17,1228.0,1276.11,1276.13,1220.05,21756200.0,27272022900.0
2026-06-18,1270.0,1367.88,1368.5,1268.73,28551600.0,38176552700.0
2026-06-22,1367.78,1382.33,1416.88,1343.38,28033300.0,38643675100.0
2026-06-23,1395.0,1310.01,1395.0,1300.0,29177300.0,38963677900.0
2026-06-24,1313.61,1312.18,1344.88,1282.15,26225700.0,34437448100.0
2026-06-25,1326.0,1323.4,1345.09,1280.02,37609000.0,49655189300.0
2026-06-26,1296.0,1253.89,1296.94,1235.13,35281100.0,44480805100.0
2026-06-29,1239.0,1220.0,1264.21,1169.49,35289900.0,42631770300.0
2026-06-30,1223.01,1270.0,1295.6,1218.21,27678300.0,34960563600.0
2026-07-01,1263.5,1223.17,1315.57,1208.0,27155700.0,34256250299.999996
2026-07-02,1160.0,1143.0,1198.0,1127.4,31762000.0,36721292900.0
2026-07-03,1130.0,1116.0,1188.01,1115.0,32861800.0,37702362900.0
2026-07-06,1136.54,1098.92,1141.0,1060.34,31556600.0,34704124600.0
2026-07-07,1098.0,1121.9,1138.2,1089.0,29286400.0,32709219200.0
2026-07-08,1134.8,1128.35,1179.3,1114.56,31732800.0,36323448200.0
2026-07-09,1153.0,1194.9,1199.99,1117.01,35888400.0,41608727800.0
2026-07-10,1210.0,1093.98,1218.0,1093.98,42326200.0,49028023200.0
2026-07-13,1100.01,1108.0,1148.48,1076.8,34452100.0,38390820800.0
2026-07-14,1108.53,1184.05,1198.66,1098.0,40047600.0,46249945599.99999
2026-07-15,1190.0,1169.31,1207.98,1160.0,24794600.0,29281915800.0
2026-07-16,1122.22,1113.0,1163.0,1098.0,30663400.0,34474188900.0
2026-07-17,1057.36,979.46,1072.0,950.55,56186100.0,56485631500.0
2026-07-20,1028.43,1004.0,1057.77,967.68,45366500.0,46094376300.0
2026-07-21,1020.01,1136.55,1136.8,988.82,48115700.0,51302197600.0
2026-07-22,1110.0,1060.8,1138.88,1060.5,36798000.0,40560130600.0
2026-07-23,1089.54,1072.52,1115.0,1060.0,27254100.0,29558225800.0
2026-07-24,1050.53,1046.51,1082.54,1039.01,21687700.0,22937320000.0
2026-07-27,1021.02,1076.94,1080.0,1003.33,25590300.0,26708792900.0
2026-07-28,1001.06,908.0,1018.0,899.99,54105100.0,51600162900.0
2026-07-29,915.0,951.0,965.0,889.5,46871500.0,43510017699.99999
2026-07-30,919.01,864.0,933.0,793.03,69370200.0,59772684500.0
2026-07-31,960.0,902.01,986.89,901.0,56942000.0,54044346500.0
2026-08-03,891.0,902.5,933.61,875.87,32185200.0,29143947599.999996
2026-08-04,940.0,1021.99,1033.89,934.44,50591300.0,49789575500.0
2026-08-05,880.0,947.74,983.17,880.0,72323000.0,67510515500.0
2026-08-06,901.02,955.0,995.0,882.55,42295100.0,39767147900.0
2026-08-07,981.09,919.87,999.88,902.0,57189200.0,54670636300.0
2026-08-10,917.99,864.58,919.8,835.0,52592100.0,45764386500.0
2026-08-11,880.14,886.96,898.48,850.4,33973700.0,29958629200.0
2026-08-12,880.13,921.0,936.8,876.01,31072900.0,28408443500.0
2026-08-13,960.0,921.04,966.06,920.66,29337100.0,27745041500.0
2026-08-14,930.0,943.0,948.77,916.0,20014700.0,18690993400.0
2026-08-17,949.0,1001.03,1014.87,917.46,36325700.0,35274048400.0
2026-08-18,1000.0,988.1,1009.0,971.81,22073900.0,21830696200.0
2026-08-19,943.88,895.6,953.08,886.0,35801200.0,32882412000.0
2026-08-20,904.99,904.2,912.01,881.0,22706200.0,20338306100.0
2026-08-21,909.0,943.0,943.88,901.4,28703900.0,26686400600.0
2026-08-24,945.0,870.22,949.73,850.0,38909300.0,34491670400.0
2026-08-25,850.23,846.0,871.91,837.12,29356000.0,25019267500.0
