date,open,close,high,low,volume,amount
2022-10-31,18.76,18.68,18.86,17.84,263736,765891454.0
2022-11-01,18.24,18.91,18.98,18.24,220442,646424105.0
2022-11-02,18.83,18.83,19.02,18.75,116168,343423089.0
2022-11-03,18.76,18.95,19.3,18.64,117144,348576261.0
2022-11-04,18.98,19.4,19.48,18.93,159268,479497075.0
2022-11-07,19.36,19.26,19.48,19.12,113900,342818518.0
2022-11-08,19.12,19.12,19.3,18.98,79857,239018770.0
2022-11-09,19.13,18.81,19.16,18.71,83321,246339298.0
2022-11-10,18.63,18.58,18.94,18.55,59914,175905577.0
2022-11-11,19.01,18.67,19.37,18.61,110100,327141515.0
2022-11-14,18.67,18.45,18.83,18.26,88653,257910882.0
2022-11-15,18.19,19.11,19.19,18.19,127907,379189805.0
2022-11-16,19.07,19.13,19.6,19.05,93149,280309521.0
2022-11-17,19.19,19.27,19.32,18.89,65167,194636413.0
2022-11-18,19.19,19.13,19.44,19.02,82677,248639894.0
2022-11-21,18.98,18.98,19.19,18.63,79404,235077429.0
2022-11-22,18.95,18.8,19.14,18.68,79961,236791558.0
2022-11-23,18.73,18.58,18.83,18.25,94827,275641787.0
2022-11-24,18.58,18.52,18.93,18.4,58732,171092458.0
2022-11-25,18.51,18.17,18.51,18.15,50572,145267068.0
2022-11-28,17.76,17.84,18.03,17.61,74259,208488598.0
2022-11-29,17.82,18.48,18.62,17.82,92541,266188775.0
2022-11-30,18.47,18.21,18.5,18.13,60805,174560944.0
2022-12-01,18.33,18.08,18.58,18.02,91548,262979162.0
2022-12-02,18.08,18.2,18.4,18.05,65265,187260782.0
2022-12-05,18.37,18.25,18.44,18.12,63691,182552180.0
2022-12-06,18.16,18.17,18.39,18.12,46519,133421764.0
2022-12-07,18.11,17.84,18.17,17.68,91285,257023488.0
2022-12-08,17.78,17.87,18.09,17.63,75695,213380326.0
2022-12-09,17.84,17.89,17.95,17.56,97800,273786053.0
2022-12-12,17.83,18.18,18.33,17.73,78423,223518192.0
2022-12-13,18.06,18.27,18.52,17.99,83572,240378994.0
2022-12-14,18.2,18.4,19.09,18.2,101765,297718624.0
2022-12-15,18.25,18.19,18.57,18.09,62080,178667283.0
2022-12-16,18.09,17.79,18.22,17.43,83021,231959394.0
2022-12-19,17.75,17.47,17.94,17.41,55033,152959210.0
2022-12-20,17.47,17.33,17.56,17.18,41952,114903417.0
2022-12-21,17.33,17.1,17.37,16.89,47698,129008291.0
2022-12-22,17.18,16.74,17.2,16.72,62048,166076422.0
2022-12-23,16.65,16.56,16.82,16.34,59051,155364919.0
2022-12-26,16.54,16.72,16.87,16.54,47846,127267816.0
2022-12-27,16.85,17.0,17.15,16.73,64547,173337163.0
2022-12-28,16.95,16.81,16.98,16.69,41412,110471131.0
2022-12-29,16.63,17.14,17.41,16.59,88130,238668850.0
2022-12-30,17.1,17.06,17.38,17.0,57798,157166989.0
2023-01-03,17.18,17.97,18.17,16.95,113000,314737995.0
2023-01-04,17.91,18.25,18.37,17.83,74769,212973185.0
2023-01-05,18.16,18.24,18.32,18.06,67242,192143889.0
2023-01-06,18.25,18.06,18.25,17.96,68781,195869779.0
2023-01-09,18.15,17.9,18.15,17.74,69137,195050074.0
2023-01-10,17.9,17.94,18.01,17.77,38061,107450484.0
2023-01-11,18.01,17.73,18.01,17.7,41759,117332139.0
2023-01-12,17.76,17.84,17.95,17.63,41389,116163145.0
2023-01-13,17.84,17.63,17.89,17.54,49455,137713505.0
2023-01-16,17.66,17.91,18.12,17.55,58294,164893405.0
2023-01-17,17.97,17.99,18.16,17.88,48470,137237770.0
2023-01-18,17.99,18.26,18.37,17.84,60343,172524051.0
2023-01-19,18.26,18.37,18.43,18.16,46517,133750253.0
2023-01-20,18.45,18.47,18.68,18.28,57322,166115697.0
2023-01-30,18.76,18.41,18.8,18.35,72234,210091828.0
2023-01-31,18.83,18.55,19.17,18.53,123894,364297090.0
2023-02-01,19.19,19.07,19.41,18.63,125566,372290583.0
2023-02-02,19.27,19.45,19.68,19.01,156886,475326403.0
2023-02-03,19.47,20.31,20.42,19.41,217365,677745890.0
2023-02-06,20.58,20.66,20.85,20.16,213555,681956314.0
2023-02-07,21.04,21.95,22.51,20.99,398733,1346372387.0
2023-02-08,22.22,21.42,22.71,21.35,206069,693838882.0
2023-02-09,21.35,22.92,23.12,20.81,368725,1266532261.0
2023-02-10,22.93,22.75,24.14,22.32,468958,1672355326.0
2023-02-13,22.99,23.49,23.78,22.66,335379,1197062570.0
2023-02-14,23.2,22.89,23.83,22.64,281984,997523032.0
2023-02-15,22.69,23.35,23.97,22.5,340292,1222109769.0
2023-02-16,23.17,22.82,23.94,22.57,253962,903083827.0
2023-02-17,22.66,21.6,22.71,21.47,284333,956888238.0
2023-02-20,21.64,22.21,22.27,21.57,177241,599996830.0
2023-02-21,22.21,21.87,22.36,21.73,115232,390566734.0
2023-02-22,21.76,21.85,22.31,21.62,109891,371424145.0
2023-02-23,21.74,21.71,22.02,21.6,76059,255628297.0
2023-02-24,21.9,22.69,23.06,21.9,262287,915100131.0
2023-02-27,22.61,22.48,22.98,22.35,123274,428861367.0
2023-02-28,23.42,23.15,24.07,22.79,279870,1002687350.0
2023-03-01,23.15,23.44,23.86,23.0,267576,963886060.0
2023-03-02,23.36,23.95,24.78,23.26,316350,1167408048.0
2023-03-03,23.27,23.1,23.75,22.84,273963,975236672.0
2023-03-06,22.97,23.2,23.85,22.97,193422,692471140.0
2023-03-07,23.01,22.36,23.36,22.33,184152,642569050.0
2023-03-08,22.43,22.52,22.76,22.07,146436,505183302.0
2023-03-09,22.29,22.38,22.73,22.05,116466,399844285.0
2023-03-10,22.1,22.3,22.86,22.04,141098,488445578.0
2023-03-13,22.22,22.61,22.91,21.88,173620,602055184.0
2023-03-14,22.38,21.74,23.04,21.74,234818,799083347.0
2023-03-15,21.97,21.25,22.2,21.15,183571,609911022.0
2023-03-16,21.08,21.08,21.51,20.89,118812,389545789.0
2023-03-17,21.26,22.51,23.11,21.21,270241,933458317.0
2023-03-20,22.53,23.38,24.5,22.51,405273,1473808375.0
2023-03-21,23.5,24.1,24.37,22.87,278905,1017453961.0
2023-03-22,24.19,29.4,29.4,24.19,777000,3196114089.0
2023-03-23,30.52,33.56,34.64,30.15,924590,4448686955.0
2023-03-24,34.39,35.17,35.59,33.08,858604,4371772912.0
2023-03-27,34.28,37.9,38.62,34.14,799712,4274038708.0
2023-03-28,36.94,36.3,37.91,35.93,586153,3197751897.0
2023-03-29,36.44,37.55,39.15,36.35,646732,3609832292.0
2023-03-30,37.21,37.16,38.23,35.0,530936,2880082960.0
2023-03-31,36.88,39.96,40.89,36.16,609150,3442945558.0
2023-04-03,41.18,45.95,46.89,40.46,767535,4910262289.0
2023-04-04,45.12,45.85,47.75,44.35,556282,3744066994.0
2023-04-06,45.77,45.78,50.31,44.78,690544,4811856660.0
2023-04-07,46.29,48.29,49.15,45.43,494901,3410824405.0
2023-04-10,48.65,48.06,53.59,46.4,601379,4304544045.0
2023-04-11,47.25,46.71,49.37,45.05,552441,3778873272.0
2023-04-12,45.71,46.91,47.69,44.34,482323,3282025791.0
2023-04-13,48.41,44.15,49.36,43.48,579238,3861364269.0
2023-04-14,44.75,45.43,45.94,43.46,473816,3128243835.0
2023-04-17,44.56,44.11,45.25,43.52,319455,2073132075.0
2023-04-18,44.36,51.15,53.41,43.91,798156,5672390890.0
2023-04-19,51.15,51.97,54.05,50.81,645767,4912060065.0
2023-04-20,52.66,55.84,56.56,52.25,616850,4904931750.0
2023-04-21,55.11,53.82,56.1,52.96,472219,3723809486.0
2023-04-24,55.53,59.01,61.7,55.52,645325,5445679392.0
2023-04-25,57.41,55.76,60.06,54.11,653017,5399166232.0
2023-04-26,56.49,54.72,59.09,53.95,664904,5433084295.0
2023-04-27,52.06,54.03,56.91,51.75,598639,4737518819.0
2023-04-28,54.8,62.3,63.1,54.28,662410,5631069729.0
2023-05-04,59.79,58.85,60.72,56.33,576000,4866413676.0
2023-05-05,59.49,53.96,60.55,52.16,591266,4778815172.0
2023-05-08,53.82,53.28,56.29,50.81,482677,3779901900.0
2023-05-09,53.36,56.51,58.57,53.36,473712,3894593550.0
2023-05-10,57.54,52.1,58.49,50.93,535088,4201026130.0
2023-05-11,51.93,49.76,52.82,49.51,440698,3267752613.0
2023-05-12,49.69,52.12,52.81,49.41,430434,3236578375.0
2023-05-15,52.96,54.83,55.02,49.72,465991,3564786051.0
2023-05-16,54.51,52.83,54.97,52.19,394401,3063347443.0
2023-05-17,52.96,54.41,56.93,52.26,434806,3458715705.0
2023-05-18,61.23,65.76,65.76,59.11,561366,5107563878.0
2023-05-19,66.62,64.85,69.19,62.88,785144,7528546730.0
2023-05-22,64.85,62.22,65.09,60.41,480796,4328897415.0
2023-05-23,62.48,60.29,64.04,60.13,529941,4734300550.0
2023-05-24,58.93,60.63,63.89,58.77,571798,5079451480.0
2023-05-25,66.53,64.59,69.41,62.3,765341,7280837448.0
2023-05-26,64.65,63.34,69.02,63.24,609410,5744455159.0
2023-05-29,65.45,66.61,71.2,65.18,624194,6095670969.0
2023-05-30,68.59,75.95,76.67,66.71,646267,6642510270.0
2023-05-31,73.82,74.88,75.3,71.14,460506,4857237827.0
2023-06-01,73.08,75.26,77.38,72.36,383390,4125007352.0
2023-06-02,77.5,74.3,78.68,72.51,288436,3094297931.0
2023-06-05,73.08,77.53,80.54,73.08,388505,4319562469.0
2023-06-06,78.25,74.88,79.33,74.07,320564,3503934985.0
2023-06-07,74.73,75.46,77.61,73.6,284178,3083546380.0
2023-06-08,74.01,74.46,76.52,71.98,343757,3661586283.0
2023-06-09,74.45,80.55,82.92,72.15,579818,6407554008.0
2023-06-12,80.55,85.08,85.9,79.69,401497,4801762932.0
2023-06-13,84.0,85.11,86.86,82.59,279625,3386989453.0
2023-06-14,86.88,90.86,94.46,85.22,409320,5199427079.0
2023-06-15,93.99,94.63,98.28,92.62,440665,5954438968.0
2023-06-16,95.75,109.15,110.23,93.08,458447,6619310082.0
2023-06-19,111.37,112.75,116.19,108.04,491894,7804976288.0
2023-06-20,112.75,119.93,119.93,109.94,452094,7319594023.0
2023-06-21,116.81,112.67,117.05,110.62,473777,7643068871.0
2023-06-26,110.27,104.12,111.3,102.14,622281,9396374352.0
2023-06-27,103.72,103.54,105.48,101.96,366486,5399287868.0
2023-06-28,97.66,99.79,102.32,93.31,474849,6664986448.0
2023-06-29,101.24,104.13,105.41,100.89,461718,6777628191.0
2023-06-30,101.96,103.72,108.85,101.26,486622,7258615996.0
2023-07-03,103.96,102.68,104.55,97.57,413579,5926592733.0
2023-07-04,103.05,103.06,105.79,101.96,310201,4580082239.0
2023-07-05,102.69,97.62,103.06,97.45,341397,4864646976.0
2023-07-06,97.49,98.23,102.37,96.72,323412,4578612223.0
2023-07-07,101.67,103.39,106.0,95.66,507938,7325079902.0
2023-07-10,102.12,100.96,103.32,96.24,419946,5942156102.0
2023-07-11,102.67,104.48,104.69,100.22,345456,5054824477.0
2023-07-12,105.2,97.5,106.99,97.5,465962,6734275073.0
2023-07-13,99.69,108.57,108.93,99.69,536983,7947614825.0
2023-07-14,110.34,109.43,112.45,106.35,539874,8351777076.0
2023-07-17,108.5,111.1,116.3,108.38,405983,6478700227.0
2023-07-18,112.8,106.48,113.1,105.55,311922,4811204345.0
2023-07-19,108.43,104.84,109.84,104.78,221403,3357756300.0
2023-07-20,103.76,91.19,104.41,90.86,671198,9235924769.0
2023-07-21,91.19,91.36,92.43,88.1,527382,6789054875.0
2023-07-24,91.3,91.9,95.45,90.38,393842,5213235803.0
2023-07-25,93.46,94.24,99.07,91.19,447119,6031733705.0
2023-07-26,94.36,90.5,95.2,89.05,400397,5222877717.0
2023-07-27,89.1,89.68,91.98,88.39,253277,3245832687.0
2023-07-28,88.76,88.96,92.04,87.31,341067,4345023431.0
2023-07-31,86.93,89.75,92.23,86.88,372555,4779940266.0
2023-08-01,89.75,94.63,95.49,89.5,484146,6416563398.0
2023-08-02,94.06,93.92,95.49,91.56,264234,3525725901.0
2023-08-03,91.46,91.55,95.13,89.99,301570,3954508032.0
2023-08-04,91.21,98.33,99.11,90.83,458229,6212604411.0
2023-08-07,99.09,99.63,103.16,97.57,413930,5916033330.0
2023-08-08,99.63,94.43,101.55,94.42,303276,4213408871.0
2023-08-09,94.19,88.92,95.6,88.75,417352,5455563216.0
2023-08-10,86.92,86.88,89.17,85.45,314116,3903812258.0
2023-08-11,87.9,85.42,89.13,85.42,209528,2602884599.0
2023-08-14,85.94,86.53,86.53,84.22,299863,3653432708.0
2023-08-15,90.47,85.37,91.1,84.73,425348,5328572547.0
2023-08-16,84.02,84.73,86.37,82.64,313831,3776187151.0
2023-08-17,83.14,85.62,87.02,81.98,320164,3886919823.0
2023-08-18,85.08,80.78,85.8,80.78,315174,3733845102.0
2023-08-21,81.36,82.47,84.4,80.62,255052,3016721235.0
2023-08-22,85.51,88.31,88.71,82.67,465006,5683967305.0
2023-08-23,86.5,83.28,86.51,82.64,286357,3429649261.0
2023-08-24,86.88,84.72,88.31,83.52,409584,5006257034.0
2023-08-25,79.21,74.62,80.51,73.95,580820,6411278828.0
2023-08-28,79.69,77.89,81.17,76.89,487689,5518917338.0
2023-08-29,78.97,80.55,84.72,76.48,439491,5049231497.0
2023-08-30,81.2,81.13,83.71,79.24,313843,3637835087.0
2023-08-31,79.69,80.14,81.37,79.51,193111,2222072593.0
2023-09-01,79.62,78.36,80.62,77.43,209959,2366297059.0
2023-09-04,78.94,78.5,79.32,77.36,165719,1853237382.0
2023-09-05,78.18,76.11,78.18,75.47,214383,2351163353.0
2023-09-06,76.18,76.6,77.5,74.52,198480,2159984140.0
2023-09-07,76.17,74.17,77.36,74.02,239296,2576182319.0
2023-09-08,72.2,73.4,74.8,71.07,287886,3020167548.0
2023-09-11,74.12,76.24,78.96,72.88,379722,4157932997.0
2023-09-12,75.44,76.76,78.17,75.06,244787,2703602919.0
2023-09-13,76.42,74.42,77.46,73.48,180589,1940755914.0
2023-09-14,74.78,71.54,75.6,71.43,246306,2577436504.0
2023-09-15,72.07,68.68,72.62,67.77,363809,3651606068.0
2023-09-18,68.91,66.4,69.34,65.84,296946,2886881290.0
2023-09-19,67.04,67.12,69.1,65.1,265244,2558488943.0
2023-09-20,67.11,67.58,70.28,66.76,275470,2709599896.0
2023-09-21,67.12,67.74,69.86,66.91,239776,2360482803.0
2023-09-22,68.17,77.59,78.91,67.84,647611,6867634057.0
2023-09-25,77.59,75.02,78.18,74.52,410389,4492724323.0
2023-09-26,76.78,78.11,80.96,76.31,442133,4973206850.0
2023-09-27,77.71,79.74,81.27,77.71,276082,3148705127.0
2023-09-28,82.48,80.98,83.52,79.7,306391,3565312268.0
2023-10-09,80.72,77.58,81.83,75.03,442494,4935200179.0
2023-10-10,77.08,76.42,78.77,75.36,255412,2811180252.0
2023-10-11,77.21,76.62,79.52,75.14,254655,2814276801.0
2023-10-12,77.53,74.42,77.84,73.68,218266,2341724753.0
2023-10-13,73.8,71.33,74.21,70.28,294906,3035091200.0
2023-10-16,70.6,69.64,71.63,69.19,222840,2239102029.0
2023-10-17,70.44,70.03,72.15,68.11,238039,2390436762.0
2023-10-18,67.2,67.8,68.27,64.76,345664,3319570126.0
2023-10-19,67.31,65.78,67.84,65.49,221355,2112414474.0
2023-10-20,67.46,65.37,67.6,65.15,250655,2386369704.0
2023-10-23,67.6,66.83,69.03,65.11,390850,3745740421.0
2023-10-24,68.34,66.61,70.92,65.69,580028,5694715205.0
2023-10-25,63.5,61.02,66.5,60.87,579931,5257017631.0
2023-10-26,61.48,62.37,62.99,60.73,349972,3115896145.0
2023-10-27,61.74,62.02,62.65,60.59,272731,2430655711.0
2023-10-30,61.99,62.32,63.02,60.65,273032,2435833702.0
2023-10-31,62.59,60.83,62.88,59.51,277602,2422980989.0
2023-11-01,60.43,59.01,61.44,58.89,226990,1962819213.0
2023-11-02,59.96,59.52,61.97,59.5,273153,2385194800.0
2023-11-03,59.93,61.48,63.28,59.93,383210,3426594903.0
2023-11-06,62.76,63.47,63.82,61.73,374255,3392829396.0
2023-11-07,63.09,69.06,72.51,62.65,563865,5399560130.0
2023-11-08,67.55,67.22,68.6,66.55,356276,3451750190.0
2023-11-09,68.91,70.34,71.91,68.41,399700,4027566223.0
2023-11-10,69.99,70.74,73.37,69.63,313228,3214256450.0
2023-11-13,73.8,73.15,75.75,72.36,378875,4025461363.0
2023-11-14,73.16,73.23,75.12,71.46,275454,2892680627.0
2023-11-15,75.38,72.51,75.38,69.72,308091,3176885728.0
2023-11-16,71.07,69.66,72.43,69.64,236171,2397920624.0
2023-11-17,69.7,73.65,74.66,69.7,316933,3260389726.0
2023-11-20,72.25,71.32,73.63,70.05,326041,3342265675.0
2023-11-21,72.42,72.2,74.88,71.85,292441,3067829702.0
2023-11-22,71.07,67.73,71.43,67.69,367765,3646456165.0
2023-11-23,67.4,68.3,68.55,66.61,206942,2012153493.0
2023-11-24,67.7,65.61,68.03,65.22,200773,1911066593.0
2023-11-27,65.33,68.11,69.04,65.32,278191,2690866547.0
2023-11-28,67.12,65.86,67.54,65.36,161032,1528746475.0
2023-11-29,65.98,65.85,66.61,64.93,159551,1510402395.0
2023-11-30,65.39,65.98,66.29,65.02,151676,1434217214.0
2023-12-01,65.96,69.63,70.74,64.7,410446,4008161831.0
2023-12-04,70.01,71.63,73.22,69.7,354377,3652847132.0
2023-12-05,70.98,70.21,72.5,70.0,270608,2763096764.0
2023-12-06,69.63,70.12,70.71,68.77,177177,1775299067.0
2023-12-07,71.5,72.77,73.58,69.79,323807,3356657902.0
2023-12-08,75.28,82.2,83.93,73.96,628438,7103915957.0
2023-12-11,82.02,84.11,84.72,79.85,443290,5235994390.0
2023-12-12,84.09,80.38,85.08,78.25,438344,5097963380.0
2023-12-13,79.8,79.26,81.12,79.07,205264,2346037368.0
2023-12-14,80.41,78.84,81.76,78.33,238962,2737229888.0
2023-12-15,79.24,76.85,79.91,75.78,201303,2227687542.0
2023-12-18,76.18,79.25,80.77,75.75,274000,3091409583.0
2023-12-19,79.78,79.11,80.33,76.81,199868,2241974668.0
2023-12-20,79.12,76.31,79.37,75.06,238898,2615125511.0
2023-12-21,75.53,79.83,82.49,74.98,298798,3366749240.0
2023-12-22,78.74,77.1,80.16,76.37,238635,2672138708.0
2023-12-25,77.61,77.71,79.17,75.15,152210,1685997617.0
2023-12-26,77.24,74.63,77.81,73.66,195585,2102879808.0
2023-12-27,75.08,74.75,76.11,74.38,133511,1437142545.0
2023-12-28,74.57,76.11,76.96,74.23,199079,2165419497.0
2023-12-29,76.18,78.91,81.08,76.16,241047,2718458839.0
2024-01-02,78.86,77.25,80.25,77.2,147911,1658786396.0
2024-01-03,76.18,73.22,76.81,73.14,221087,2356778140.0
2024-01-04,73.01,72.51,73.71,71.33,166507,1734928760.0
2024-01-05,72.23,69.65,72.86,69.06,175521,1773515105.0
2024-01-08,69.49,68.77,70.43,68.07,132630,1316070423.0
2024-01-09,70.91,70.58,72.17,69.99,200011,2039717585.0
2024-01-10,70.59,69.63,71.58,68.41,138602,1393780738.0
2024-01-11,69.63,72.07,72.85,69.57,192897,1984685244.0
2024-01-12,71.52,70.03,71.77,69.32,138420,1398417951.0
2024-01-15,69.17,70.98,72.22,69.17,126476,1289058895.0
2024-01-16,70.27,69.84,70.54,68.48,169026,1682657692.0
2024-01-17,70.11,68.93,71.67,68.93,191932,1945345016.0
2024-01-18,67.5,76.69,76.78,67.35,370998,3850429267.0
2024-01-19,78.47,77.53,79.39,77.1,318973,3573579547.0
2024-01-22,81.13,77.97,81.49,77.53,327150,3731497973.0
2024-01-23,78.25,79.69,82.03,77.42,297570,3408601776.0
2024-01-24,79.44,79.47,79.82,76.08,269552,3016646610.0
2024-01-25,78.6,82.82,83.43,77.84,297010,3452818091.0
2024-01-26,82.56,81.1,82.56,79.55,232150,2684718247.0
2024-01-29,79.44,72.38,79.44,67.26,426559,4424563970.0
2024-01-30,71.79,70.49,73.8,70.16,213968,2200544065.0
2024-01-31,69.65,71.64,75.3,68.73,282995,2927986702.0
2024-02-01,72.35,77.57,81.13,70.75,351116,3847918800.0
2024-02-02,78.17,76.71,79.6,75.16,279578,3103259131.0
2024-02-05,75.38,78.25,82.15,75.29,365547,4102681202.0
2024-02-06,77.29,87.51,87.51,76.67,354969,4195653491.0
2024-02-07,86.23,87.31,88.3,85.14,270580,3350814368.0
2024-02-08,89.39,89.03,96.22,87.45,355918,4632654850.0
2024-02-19,96.93,107.28,107.28,93.96,415891,5903577723.0
2024-02-20,107.71,112.38,114.89,106.27,448372,7034768610.0
2024-02-21,106.99,105.53,108.45,103.62,451416,6804226869.0
2024-02-22,111.34,108.8,112.48,105.17,419515,6487864847.0
2024-02-23,112.74,103.92,113.46,103.44,490341,7510727153.0
2024-02-26,99.83,104.86,106.57,99.83,332927,4922663307.0
2024-02-27,103.73,114.13,116.12,102.7,451323,7020038750.0
2024-02-28,113.46,105.42,114.82,105.42,401106,6279629115.0
2024-02-29,107.71,109.26,111.88,106.27,368094,5701688971.0
2024-03-01,109.89,113.53,115.27,109.89,378207,6060755920.0
2024-03-04,117.13,116.81,120.4,112.82,405035,6720413345.0
2024-03-05,115.11,119.32,127.04,114.62,469234,8060200295.0
2024-03-06,117.77,117.97,120.07,114.78,304080,5067085333.0
2024-03-07,119.93,115.71,123.35,115.61,303689,5133479836.0
2024-03-08,119.11,123.51,124.9,116.08,364538,6201217393.0
2024-03-11,117.79,120.36,120.62,115.82,341617,5731310734.0
2024-03-12,119.78,116.23,121.07,112.58,361905,5953070254.0
2024-03-13,120.94,116.33,121.28,116.25,317684,5342846964.0
2024-03-14,114.18,119.59,121.36,114.18,311017,5214891325.0
2024-03-15,117.77,125.21,127.4,116.76,389742,6764300159.0
2024-03-18,126.21,127.1,131.48,125.38,329936,5992840652.0
2024-03-19,122.3,122.66,124.7,120.97,332772,5780641201.0
2024-03-20,121.36,119.18,123.99,117.05,321580,5463505015.0
2024-03-21,119.38,118.26,121.84,117.29,253273,4286810984.0
2024-03-22,118.49,118.26,120.3,117.31,226153,3808295940.0
2024-03-25,118.46,117.42,121.28,115.61,223357,3768601701.0
2024-03-26,116.7,111.66,121.92,105.56,465246,7652591654.0
2024-03-27,113.3,108.57,114.16,107.54,290856,4521397248.0
2024-03-28,109.16,108.93,112.65,106.37,263309,4086742971.0
2024-03-29,107.78,110.27,110.58,106.88,167220,2590950115.0
2024-04-01,111.15,114.9,115.53,109.7,217931,3504589328.0
2024-04-02,114.18,114.57,117.05,112.76,194556,3171195444.0
2024-04-03,112.02,109.94,113.14,109.6,166304,2618840278.0
2024-04-08,109.58,116.02,119.42,109.58,259243,4269465704.0
2024-04-09,115.61,116.26,117.04,112.91,170383,2785007976.0
2024-04-10,114.37,112.38,116.25,110.58,168491,2696699548.0
2024-04-11,113.46,112.85,116.03,112.59,148863,2416242537.0
2024-04-12,115.61,119.44,123.01,115.26,307351,5182115971.0
2024-04-15,118.34,119.57,121.75,117.45,179396,3047691505.0
2024-04-16,117.99,117.31,121.72,114.93,187935,3145449648.0
2024-04-17,118.73,123.24,124.27,117.05,214536,3698968619.0
2024-04-18,120.4,122.35,124.45,118.63,164135,2824168101.0
2024-04-19,121.47,120.43,123.69,115.54,214528,3624908306.0
2024-04-22,109.15,111.56,112.73,106.19,349183,5442876599.0
2024-04-23,112.0,110.95,114.08,108.77,240667,3799155366.0
2024-04-24,112.58,118.68,119.21,111.2,276107,4549241862.0
2024-04-25,116.26,115.72,118.37,115.1,166718,2750304963.0
2024-04-26,120.64,130.6,132.84,120.36,406578,7323462759.0
2024-04-29,132.83,132.64,134.29,131.08,249760,4689147215.0
2024-04-30,132.5,131.64,136.36,131.49,165901,3125768465.0
2024-05-06,135.01,129.42,136.17,129.16,198702,3706333215.0
2024-05-07,132.7,124.8,133.38,121.43,308644,5529937098.0
2024-05-08,123.88,123.37,125.62,122.44,160688,2814674417.0
2024-05-09,122.73,122.21,123.23,118.65,182080,3126602030.0
2024-05-10,120.5,120.79,121.85,117.54,153239,2601899901.0
2024-05-13,121.72,121.04,124.24,120.26,166640,2884117089.0
2024-05-14,121.26,116.64,122.08,116.11,214661,3588889956.0
2024-05-15,116.34,117.6,120.79,115.97,154121,2592032884.0
2024-05-16,121.35,120.28,123.22,119.93,232075,3996205959.0
2024-05-17,118.34,120.34,122.3,115.78,199081,3355521484.0
2024-05-20,119.21,124.85,126.28,117.41,242249,4216190045.0
2024-05-21,124.71,125.26,127.33,124.06,133052,2365089270.0
2024-05-22,124.24,122.2,124.87,121.88,139400,2424031283.0
2024-05-23,125.67,122.65,126.87,119.12,221645,3862401523.0
2024-05-24,121.36,116.61,126.92,116.32,273666,4707445197.0
2024-05-27,117.13,118.77,120.56,116.33,166951,2800223305.0
2024-05-28,117.77,113.47,118.05,112.81,247346,4020566727.0
2024-05-29,116.33,113.46,117.05,113.08,157898,2569503575.0
2024-05-30,113.53,112.72,114.82,111.78,109585,1761805684.0
2024-05-31,110.58,110.78,114.67,108.82,149536,2374106005.0
2024-06-03,113.46,118.74,121.15,112.26,285076,4731275316.0
2024-06-04,119.93,122.08,123.51,119.49,204402,3530988622.0
2024-06-05,121.43,117.74,122.44,117.74,141072,2396263069.0
2024-06-06,121.4,123.52,128.02,121.4,405410,5135755310.0
2024-06-07,122.2,117.61,124.04,117.09,315917,3833371066.0
2024-06-11,117.09,117.11,119.76,115.49,199735,2379405437.0
2024-06-12,117.1,117.31,119.43,115.12,166250,1985567478.0
2024-06-13,118.97,121.8,124.53,117.78,306309,3771612455.0
2024-06-14,123.11,136.4,138.58,122.18,586874,7839639212.0
2024-06-17,139.1,140.61,143.04,138.6,378266,5391099007.0
2024-06-18,140.68,145.01,149.59,140.68,344578,5098018675.0
2024-06-19,147.85,144.1,148.34,142.3,246413,3612996769.0
2024-06-20,144.1,142.8,147.06,142.76,208398,3048856053.0
2024-06-21,138.6,141.1,143.9,138.11,236958,3370036604.0
2024-06-24,143.3,138.31,144.59,137.65,204613,2921350284.0
2024-06-25,133.1,133.0,135.7,131.65,264489,3578138738.0
2024-06-26,136.1,138.1,138.87,135.7,266283,3707870889.0
2024-06-27,136.07,134.24,138.1,133.9,173074,2379118679.0
2024-06-28,134.1,135.98,139.94,133.85,228263,3172321953.0
2024-07-01,135.45,143.0,144.43,135.11,296493,4223116020.0
2024-07-02,143.08,143.71,145.76,140.8,228769,3316855736.0
2024-07-03,142.1,141.6,142.55,138.2,151175,2158450975.0
2024-07-04,143.9,141.11,145.45,141.11,172767,2504152996.0
2024-07-05,141.7,139.6,142.38,136.81,180387,2543120859.0
2024-07-08,144.19,142.49,145.1,140.49,203808,2949013371.0
2024-07-09,141.99,152.43,154.1,140.51,310068,4642266377.0
2024-07-10,152.1,155.63,156.07,150.68,236345,3673033725.0
2024-07-11,157.31,151.36,157.78,147.4,290843,4476813445.0
2024-07-12,146.21,148.22,149.07,144.1,200312,2976010773.0
2024-07-15,146.1,147.68,149.47,143.4,179397,2664238645.0
2024-07-16,147.78,146.22,148.58,141.9,252086,3698321624.0
2024-07-17,145.08,139.81,145.57,138.53,289923,4145866194.0
2024-07-18,134.11,138.1,138.61,131.35,337909,4619009628.0
2024-07-19,135.3,133.08,137.4,133.06,224671,3063009878.0
2024-07-22,132.1,132.7,134.6,130.24,206271,2777150119.0
2024-07-23,135.1,129.02,135.18,129.0,202718,2707670559.0
2024-07-24,127.61,128.44,133.6,127.29,221289,2916400939.0
2024-07-25,124.8,120.37,125.48,118.95,343554,4246699227.0
2024-07-26,120.81,122.35,123.9,119.17,224745,2778076040.0
2024-07-29,122.09,127.69,129.41,121.26,269963,3466688555.0
2024-07-30,126.1,125.76,127.58,123.78,158539,2022304841.0
2024-07-31,124.48,127.6,128.1,121.2,281327,3589623009.0
2024-08-01,132.6,128.0,133.55,127.61,279792,3706785027.0
2024-08-02,120.48,117.08,122.32,116.78,379676,4584955950.0
2024-08-05,111.14,108.22,114.9,107.09,470589,5309927854.0
2024-08-06,113.0,112.58,115.34,111.02,333818,3824830262.0
2024-08-07,111.1,111.42,114.1,110.1,206353,2351788735.0
2024-08-08,108.1,108.6,110.39,107.1,204452,2259430351.0
2024-08-09,111.1,110.63,113.1,110.38,255182,2902018840.0
2024-08-12,110.45,111.45,113.5,110.45,175290,1998402060.0
2024-08-13,113.1,115.04,116.59,112.2,254796,2963496085.0
2024-08-14,118.12,113.88,118.6,113.88,206355,2433217393.0
2024-08-15,113.86,113.2,115.02,111.9,149763,1726995551.0
2024-08-16,116.3,118.06,119.99,116.3,275063,3304747086.0
2024-08-19,119.3,119.74,121.75,117.55,187254,2286153025.0
2024-08-20,122.09,119.79,123.28,119.35,169605,2085883211.0
2024-08-21,118.3,120.32,121.87,118.1,133815,1634151027.0
2024-08-22,120.56,119.49,121.37,118.57,106735,1302086377.0
2024-08-23,119.09,118.02,119.58,116.6,122754,1468408090.0
2024-08-26,119.9,112.44,120.47,110.96,263663,3067115171.0
2024-08-27,111.61,111.35,113.68,109.82,163776,1856846884.0
2024-08-28,111.1,110.66,113.61,109.33,148952,1681050556.0
2024-08-29,104.87,104.74,105.6,100.4,374851,3940028514.0
2024-08-30,104.52,107.0,109.0,104.43,312595,3403573396.0
2024-09-02,106.65,102.23,107.47,102.1,220858,2327052895.0
2024-09-03,102.25,103.41,104.21,101.3,130149,1363679675.0
2024-09-04,97.1,100.0,101.26,96.1,312259,3128802939.0
2024-09-05,99.99,99.77,102.11,98.51,186346,1905466635.0
2024-09-06,99.1,97.52,100.31,97.29,144856,1452842457.0
2024-09-09,96.7,100.1,100.4,95.86,194696,1943246213.0
2024-09-10,100.3,104.53,106.83,99.44,330988,3482064294.0
2024-09-11,106.48,104.28,107.25,103.66,196116,2100813641.0
2024-09-12,109.1,106.1,110.1,106.0,221984,2433910085.0
2024-09-13,106.4,114.04,114.8,106.37,352840,4029348720.0
2024-09-18,112.1,111.74,114.32,111.11,151176,1728577258.0
2024-09-19,112.22,108.13,112.69,104.76,273385,2991633108.0
2024-09-20,110.0,107.1,110.6,106.28,160763,1764719014.0
2024-09-23,106.28,107.0,109.31,105.59,126153,1383375272.0
2024-09-24,107.23,120.26,120.27,107.23,360207,4180930935.0
2024-09-25,123.79,120.09,124.6,119.71,286312,3541934247.0
2024-09-26,121.11,127.78,128.08,119.8,268390,3378957115.0
2024-09-27,126.89,131.7,135.78,124.16,495555,6509047689.0
2024-09-30,134.1,152.96,153.6,130.1,613065,8838229249.0
2024-10-08,183.9,183.93,183.93,159.8,749893,13308382364.0
2024-10-09,173.21,164.5,183.67,161.6,657548,11459742447.0
2024-10-10,166.3,160.81,167.79,155.1,463609,7589027759.0
2024-10-11,157.11,157.74,166.4,154.79,351761,5695350470.0
2024-10-14,157.1,160.1,160.68,150.45,422674,6663611573.0
2024-10-15,159.1,155.9,165.16,155.78,326374,5281197957.0
2024-10-16,149.96,146.8,152.83,145.76,378805,5693117227.0
2024-10-17,149.1,148.6,151.6,146.85,251067,3793453546.0
2024-10-18,148.1,166.1,175.1,147.76,586464,9564395289.0
2024-10-21,164.5,163.07,169.9,157.21,547727,9003582218.0
2024-10-22,167.1,168.1,168.43,161.6,407264,6821195796.0
2024-10-23,158.1,154.26,160.72,153.8,605579,9627559751.0
2024-10-24,152.95,155.2,164.08,152.6,440364,7032009240.0
2024-10-25,156.99,154.46,157.91,151.75,389426,6088855157.0
2024-10-28,154.47,148.64,154.85,146.2,408521,6160960449.0
2024-10-29,146.0,141.57,146.1,141.17,498015,7211970250.0
2024-10-30,141.1,139.35,143.6,137.42,368389,5242208019.0
2024-10-31,138.1,141.12,144.38,136.9,374541,5363028638.0
2024-11-01,139.58,138.83,143.96,137.61,295208,4204138032.0
2024-11-04,140.09,141.25,145.0,139.09,260752,3740161224.0
2024-11-05,141.25,146.39,146.93,140.6,443240,6484766792.0
2024-11-06,146.45,141.0,147.3,140.11,418908,6100124907.0
2024-11-07,137.07,143.18,145.88,134.46,421563,5996295117.0
2024-11-08,145.61,140.31,149.32,140.31,494000,7280882877.0
2024-11-11,139.1,143.0,145.3,136.12,434024,6205807617.0
2024-11-12,143.11,145.6,148.87,140.61,545816,8039834358.0
2024-11-13,144.62,154.4,156.18,142.2,670281,10232668482.0
2024-11-14,152.85,146.91,154.67,146.19,396361,6015707948.0
2024-11-15,146.91,138.6,150.98,138.3,379955,5538616904.0
2024-11-18,137.1,130.11,138.06,128.98,407716,5496304221.0
2024-11-19,131.43,132.9,134.77,127.97,298371,3969159057.0
2024-11-20,133.59,136.24,139.59,133.48,336938,4677398032.0
2024-11-21,134.11,131.9,136.4,129.35,323285,4349951087.0
2024-11-22,131.9,130.38,137.08,129.88,301188,4081642111.0
2024-11-25,130.6,123.1,131.9,120.6,430137,5401072946.0
2024-11-26,122.1,125.14,127.1,121.6,310497,3928288904.0
2024-11-27,124.1,126.79,128.59,122.51,246176,3137692951.0
2024-11-28,125.52,122.89,125.99,122.4,252412,3163033241.0
2024-11-29,123.1,124.83,127.96,122.63,284905,3621763223.0
2024-12-02,126.09,130.13,132.26,125.55,347663,4579339760.0
2024-12-03,130.1,128.1,131.3,126.98,199422,2612636277.0
2024-12-04,127.68,126.12,129.48,125.4,185633,2386692594.0
2024-12-05,127.21,129.94,132.56,127.05,317611,4208443763.0
2024-12-06,130.16,129.61,132.3,128.89,202956,2684755838.0
2024-12-09,129.65,123.2,129.69,121.51,376291,4745718896.0
2024-12-10,126.95,121.25,126.96,119.62,450225,5595924296.0
2024-12-11,120.1,123.23,124.29,118.21,327307,4066996983.0
2024-12-12,123.1,128.27,129.72,122.98,450174,5842276217.0
2024-12-13,128.1,125.2,129.48,123.26,346546,4411765096.0
2024-12-16,126.07,120.9,126.33,120.38,291855,3608913165.0
2024-12-17,121.1,124.09,128.57,120.65,412614,5244452693.0
2024-12-18,125.3,121.53,125.6,120.76,265389,3284955705.0
2024-12-19,120.28,125.14,125.63,119.9,310959,3902829555.0
2024-12-20,124.41,125.2,128.09,124.41,294910,3776819027.0
2024-12-23,127.6,130.69,133.86,126.38,521949,6901435243.0
2024-12-24,131.11,129.71,132.3,126.28,350993,4577779698.0
2024-12-25,129.32,133.09,136.04,128.79,363559,4913728770.0
2024-12-26,133.97,138.9,139.6,131.66,428982,5971765588.0
2024-12-27,139.21,134.95,139.66,133.83,333322,4613987532.0
2024-12-30,136.1,129.28,136.4,128.18,365015,4836103733.0
2024-12-31,129.06,121.61,129.1,121.6,393877,4941393710.0
2025-01-02,120.9,120.21,123.9,118.8,268596,3303452726.0
2025-01-03,120.61,121.11,122.8,119.1,267897,3306147593.0
2025-01-06,122.98,123.59,126.38,122.6,263932,3326729195.0
2025-01-07,124.46,126.45,126.7,121.7,292006,3683257701.0
2025-01-08,123.98,122.32,124.0,119.82,286371,3554744439.0
2025-01-09,121.11,119.61,121.8,119.58,293510,3584962690.0
2025-01-10,119.54,111.23,119.54,110.9,530303,6122576672.0
2025-01-13,108.3,108.9,112.18,107.79,357467,3992272252.0
2025-01-14,109.0,112.45,112.6,106.88,383434,4312170497.0
2025-01-15,111.31,108.64,111.48,108.33,293297,3263095816.0
2025-01-16,109.98,117.59,118.47,108.8,710478,8243630407.0
2025-01-17,118.1,115.0,118.68,113.25,446539,5243522713.0
2025-01-20,116.06,117.26,119.5,115.94,390652,4674892853.0
2025-01-21,120.1,117.66,121.06,116.48,382739,4591929868.0
2025-01-22,119.98,130.1,132.05,119.7,844803,10837318835.0
2025-01-23,130.68,125.85,132.77,125.41,608420,7960645534.0
2025-01-24,125.24,126.35,128.06,124.34,411116,5262527038.0
2025-01-27,121.1,112.92,121.1,112.92,681942,8075435666.0
2025-02-05,107.1,96.35,107.1,93.92,971081,9629075682.0
2025-02-06,98.89,99.1,99.38,96.13,654658,6532642386.0
2025-02-07,100.1,105.88,107.5,99.81,762699,8139501247.0
2025-02-10,108.76,108.72,109.57,105.91,505152,5543789606.0
2025-02-11,109.12,109.6,111.98,107.7,438795,4927359418.0
2025-02-12,108.8,110.0,110.09,108.1,354246,3929730502.0
2025-02-13,109.1,106.22,109.43,106.16,394350,4318115857.0
2025-02-14,107.87,105.53,109.43,104.15,362389,3928766783.0
2025-02-17,106.71,113.66,115.96,106.7,715224,8128766872.0
2025-02-18,112.51,111.69,115.08,111.12,459562,5263769142.0
2025-02-19,112.25,112.34,112.76,109.56,377064,4275525686.0
2025-02-20,112.31,112.54,114.34,110.71,353730,4047899987.0
2025-02-21,113.99,116.83,118.8,112.9,574486,6788966745.0
2025-02-24,116.1,112.6,116.1,112.11,520554,5995134436.0
2025-02-25,109.11,109.45,111.22,108.6,457928,5120902634.0
2025-02-26,108.86,110.32,110.46,106.11,494340,5415565181.0
2025-02-27,111.9,106.28,112.93,105.63,527821,5833183623.0
2025-02-28,101.1,98.97,102.07,98.32,555441,5674377804.0
2025-03-03,100.54,100.87,102.58,98.22,426040,4363389326.0
2025-03-04,96.38,100.56,101.38,95.9,321353,3233931382.0
2025-03-05,101.08,101.56,103.07,100.49,252249,2610957400.0
2025-03-06,102.1,103.27,104.58,100.9,409559,4275344977.0
2025-03-07,101.87,100.34,101.89,99.96,327768,3364355917.0
2025-03-10,100.34,100.48,101.2,99.1,240640,2451720611.0
2025-03-11,98.1,99.88,99.91,97.5,205600,2072991848.0
2025-03-12,100.8,100.46,101.68,99.91,256009,2630768418.0
2025-03-13,101.85,100.59,102.98,99.9,271436,2800508052.0
2025-03-14,100.1,102.09,102.87,99.4,367064,3814550683.0
2025-03-17,103.1,102.36,103.91,102.1,264415,2768114013.0
2025-03-18,102.33,106.96,107.97,100.91,652396,6951391789.0
2025-03-19,104.78,103.08,104.78,102.88,352791,3727546663.0
2025-03-20,103.4,103.1,104.6,102.91,198893,2097735041.0
2025-03-21,102.42,100.55,103.06,100.21,227333,2343385547.0
2025-03-24,100.22,100.98,102.05,99.42,229785,2360776093.0
2025-03-25,101.79,100.1,102.9,100.03,207223,2138989700.0
2025-03-26,100.04,99.18,100.57,99.17,159092,1616280049.0
2025-03-27,97.68,97.22,98.58,95.62,242059,2392153699.0
2025-03-28,97.1,95.51,97.22,95.51,201285,1975158628.0
2025-03-31,95.1,96.74,97.08,94.79,182507,1785252884.0
2025-04-01,97.13,96.71,97.49,96.34,122959,1213413300.0
2025-04-02,96.98,97.86,99.48,96.42,218279,2188266042.0
2025-04-03,94.98,91.98,96.06,91.53,424985,4056901450.0
2025-04-07,78.2,73.2,80.6,73.2,616307,4754931661.0
2025-04-08,73.29,70.38,74.86,68.57,692792,5049997329.0
2025-04-09,68.08,70.09,71.64,65.3,595501,4218907319.0
2025-04-10,78.28,75.59,79.6,75.2,709269,5639536844.0
2025-04-11,74.1,76.47,77.38,74.01,428937,3324538095.0
2025-04-14,79.1,79.64,82.6,79.0,548927,4545571283.0
2025-04-15,79.25,78.27,79.48,77.39,249801,2001413996.0
2025-04-16,76.63,76.09,76.81,74.76,266701,2075615546.0
2025-04-17,75.19,75.71,76.95,75.19,184925,1444517768.0
2025-04-18,75.71,77.24,77.37,75.65,257548,2026905322.0
2025-04-21,78.53,79.29,80.36,77.25,332028,2684025219.0
2025-04-22,78.1,78.17,78.68,77.21,236164,1886578251.0
2025-04-23,80.2,81.62,83.44,78.98,608234,5055290726.0
2025-04-24,81.1,79.43,82.26,79.36,306174,2524324727.0
2025-04-25,80.6,83.37,85.09,80.6,644758,5523635877.0
2025-04-28,83.37,81.49,83.62,81.31,311217,2611582784.0
2025-04-29,81.45,81.19,82.33,80.52,207647,1732324636.0
2025-04-30,81.35,81.59,82.2,80.51,224421,1873973802.0
2025-05-06,83.27,84.75,85.29,83.25,347501,3000543049.0
2025-05-07,86.86,84.75,87.14,83.74,314636,2739491263.0
2025-05-08,86.96,94.59,96.1,86.23,991735,9314493484.0
2025-05-09,92.79,92.9,94.56,92.1,423055,4016111630.0
2025-05-12,96.9,95.37,97.16,93.2,468250,4517746385.0
2025-05-13,98.9,94.53,98.9,94.51,522157,5125045055.0
2025-05-14,96.15,96.49,99.19,96.15,545564,5422424109.0
2025-05-15,96.1,92.22,96.18,92.2,434820,4153582011.0
2025-05-16,91.5,95.93,97.58,91.31,521695,5097600254.0
2025-05-19,94.79,93.38,95.5,93.32,305671,2930543348.0
2025-05-20,93.39,94.06,95.28,92.5,264243,2524962465.0
2025-05-21,93.73,93.83,95.4,92.75,262242,2513117074.0
2025-05-22,93.1,92.56,94.88,92.5,239775,2287188216.0
2025-05-23,92.51,89.97,93.46,89.8,273099,2542296672.0
2025-05-26,90.09,90.46,91.09,88.96,187616,1722240996.0
2025-05-27,89.09,88.26,90.28,86.98,278219,2501889886.0
2025-05-28,89.1,90.72,91.09,89.1,306261,2819311095.0
2025-05-29,91.7,93.04,94.69,91.38,422422,4021230584.0
2025-05-30,91.88,91.65,92.48,90.61,212966,1988389328.0
2025-06-03,90.6,89.86,91.32,89.85,183330,1691460256.0
2025-06-04,91.09,95.4,96.07,91.09,611625,5901679328.0
2025-06-05,95.4,100.98,101.68,94.6,677680,6838039804.0
2025-06-06,100.1,101.55,102.55,99.35,468038,4834350374.0
2025-06-09,103.41,106.65,109.26,103.21,726916,7850645377.0
2025-06-10,106.2,105.87,107.83,104.71,479187,5186746230.0
2025-06-11,108.1,106.08,109.08,105.18,343044,3727687086.0
2025-06-12,105.2,114.1,117.3,105.1,864869,10020896637.0
2025-06-13,112.61,114.75,115.99,112.08,474889,5533959004.0
2025-06-16,115.02,118.67,121.55,115.0,593699,7204021602.0
2025-06-17,119.11,117.46,120.3,116.0,358237,4277997538.0
2025-06-18,116.61,123.16,123.7,114.2,678263,8223181235.0
2025-06-19,123.16,126.9,129.39,122.2,625735,8012237029.0
2025-06-20,128.6,128.1,129.78,123.37,493005,6336169527.0
2025-06-23,125.9,125.69,127.93,121.28,535024,6766509226.0
2025-06-24,126.98,123.85,128.57,122.9,450006,5693248381.0
2025-06-25,125.6,124.33,127.29,121.8,492457,6175859555.0
2025-06-26,126.2,128.3,131.78,125.68,599787,7803404705.0
2025-06-27,127.77,137.0,138.87,125.16,662779,8945449942.0
2025-06-30,140.1,144.46,145.2,136.61,752144,10740859553.0
2025-07-01,142.19,143.9,145.38,141.35,319591,4641124101.0
2025-07-02,141.1,137.53,141.2,136.73,365771,5109386349.0
2025-07-03,140.07,140.86,142.44,138.09,383979,5430809334.0
2025-07-04,141.71,138.05,143.78,137.15,418745,5927014308.0
2025-07-07,136.1,133.75,138.37,128.81,575204,7722491414.0
2025-07-08,133.36,143.48,143.86,132.42,532241,7500377251.0
2025-07-09,143.6,143.9,147.96,142.65,415096,6085220986.0
2025-07-10,145.12,145.19,147.28,140.6,435404,6336658699.0
2025-07-11,143.34,143.88,146.48,141.15,310989,4513795972.0
2025-07-14,142.93,148.42,149.1,142.93,388532,5781039353.0
2025-07-15,153.9,173.41,173.59,153.9,924064,15619206714.0
2025-07-16,178.4,169.36,180.57,168.27,905852,15982905351.0
2025-07-17,167.79,175.45,177.59,167.77,604631,10555310876.0
2025-07-18,179.78,179.22,190.61,177.6,611562,11298766457.0
2025-07-21,178.49,186.55,187.0,175.78,596835,10909835928.0
2025-07-22,185.7,183.04,195.7,180.0,592913,11209847410.0
2025-07-23,177.6,184.78,186.48,174.6,405784,7395940401.0
2025-07-24,189.1,183.8,191.56,180.27,442080,8263192060.0
2025-07-25,184.6,183.82,188.5,183.11,287877,5368796806.0
2025-07-28,184.6,190.47,191.83,182.8,438948,8281245572.0
2025-07-29,196.61,208.53,209.59,196.61,584404,12100039458.0
2025-07-30,205.66,209.2,210.4,202.19,390506,8122926810.0
2025-07-31,219.6,216.21,227.2,214.53,644066,14274550601.0
2025-08-01,211.12,209.23,219.48,206.23,475947,10151901431.0
2025-08-04,206.13,207.02,208.94,203.1,330837,6857077166.0
2025-08-05,215.1,209.52,216.97,202.1,414138,8698318761.0
2025-08-06,205.31,209.12,212.18,205.21,255302,5366654089.0
2025-08-07,209.12,207.06,214.6,195.8,453077,9320003538.0
2025-08-08,205.6,207.9,212.48,203.6,327315,6886805778.0
2025-08-11,208.6,213.35,219.1,208.59,350763,7548075951.0
2025-08-12,213.6,224.28,224.99,211.6,430829,9534149021.0
2025-08-13,225.35,250.6,251.56,222.6,551265,13273577994.0
2025-08-14,245.0,238.07,246.69,238.0,407601,9927494343.0
2025-08-15,240.07,236.65,244.05,233.71,350541,8382671265.0
2025-08-18,240.22,258.6,266.6,236.68,469850,11956921107.0
2025-08-19,258.6,274.1,276.18,257.5,409789,11069282565.0
2025-08-20,260.59,266.39,267.6,256.01,408197,10773818989.0
2025-08-21,271.4,263.82,273.2,254.7,394436,10428978808.0
2025-08-22,257.71,277.5,279.48,257.6,382582,10408840533.0
2025-08-25,286.6,318.6,318.6,286.6,498061,15236503897.0
2025-08-26,312.2,312.6,321.4,304.6,361919,11402947511.0
2025-08-27,318.6,323.7,344.5,309.91,610746,20077028380.0
2025-08-28,321.47,357.63,358.18,321.05,583916,20116514921.0
2025-08-29,350.6,353.52,366.3,343.57,490333,17315300338.0
2025-09-01,371.35,404.7,412.4,362.6,598651,23173867536.0
2025-09-02,400.62,382.6,418.2,372.47,784127,31063167519.0
2025-09-03,390.6,424.79,428.59,377.7,712352,28716626617.0
2025-09-04,434.6,367.74,446.6,362.48,939057,36731803946.0
2025-09-05,376.62,405.6,417.48,360.32,792551,30591669080.0
2025-09-08,392.6,368.59,392.6,342.6,741116,27097510062.0
2025-09-09,363.62,357.89,371.21,345.6,480631,17329017116.0
2025-09-10,376.6,383.6,394.08,369.18,620102,23749946610.0
2025-09-11,400.79,438.57,442.59,400.79,656802,27786933614.0
2025-09-12,415.6,420.69,430.59,408.6,472506,19984616455.0
2025-09-15,408.6,406.62,418.57,396.24,357525,14621407478.0
2025-09-16,408.63,410.02,420.57,394.82,442533,17975150666.0
2025-09-17,403.6,404.8,411.58,389.71,324316,13067610632.0
2025-09-18,392.81,408.0,428.59,387.81,561608,22855123990.0
2025-09-19,414.0,420.1,423.6,398.63,466536,19367174603.0
2025-09-22,415.89,416.6,420.4,393.28,412685,16928692917.0
2025-09-23,445.61,432.89,455.61,416.6,534440,23278260110.0
2025-09-24,414.61,422.1,433.6,408.6,393386,16589365257.0
2025-09-25,414.61,433.2,441.56,402.6,505592,21620180903.0
2025-09-26,427.65,412.3,440.9,412.3,351118,14918149499.0
2025-09-29,408.72,415.35,431.77,401.69,429059,18029890029.0
2025-09-30,417.11,402.28,433.6,396.66,392893,16248125252.0
2025-10-09,417.6,397.41,425.26,396.28,390909,16122596932.0
2025-10-10,397.61,388.6,406.4,379.61,384286,15167250787.0
2025-10-13,368.0,375.99,381.0,360.8,409313,15302419922.0
2025-10-14,384.0,345.1,384.94,343.0,514339,18448572394.0
2025-10-15,344.0,353.12,356.0,336.0,353173,12275375118.0
2025-10-16,350.14,365.97,378.3,349.03,342568,12630929311.0
2025-10-17,366.17,372.6,380.91,359.0,467636,17358864502.0
2025-10-20,407.19,402.0,420.21,394.58,601551,24468412270.0
2025-10-21,409.0,440.5,450.48,404.0,565179,24436154422.0
2025-10-22,435.09,443.3,456.5,435.09,397499,17757275763.0
2025-10-23,440.08,439.88,442.0,424.7,276011,12011352771.0
2025-10-24,449.0,493.0,494.65,436.1,491025,23033970651.0
2025-10-27,502.98,507.94,514.0,494.56,450724,22787904833.0
2025-10-28,502.3,512.0,535.0,500.0,417961,21740189238.0
2025-10-29,537.01,519.72,541.01,505.16,417271,21670889448.0
2025-10-30,515.51,513.74,537.0,508.0,453310,23600113527.0
2025-10-31,502.0,472.01,508.0,471.0,563013,27346603031.0
2025-11-03,469.67,479.0,482.4,456.51,398409,18730146946.0
2025-11-04,488.6,476.8,503.29,472.88,360854,17622196967.0
2025-11-05,461.02,476.01,479.0,457.79,264088,12390456806.0
2025-11-06,487.0,495.88,506.88,481.27,373251,18457495762.0
2025-11-07,490.0,489.05,498.79,478.0,243100,11923843237.0
2025-11-10,487.88,489.0,494.88,459.0,352111,16744462629.0
2025-11-11,492.68,467.05,498.66,463.0,325131,15621818930.0
2025-11-12,458.63,490.75,491.39,449.01,423022,19890723540.0
2025-11-13,488.28,480.0,488.28,469.01,313317,15002143507.0
2025-11-14,464.18,461.82,472.88,453.22,247273,11512786152.0
2025-11-17,474.2,482.2,487.64,467.4,282466,13512966106.0
2025-11-18,473.7,471.91,489.8,469.01,240679,11554982044.0
2025-11-19,471.43,487.6,498.7,471.0,337865,16542781774.0
2025-11-20,514.0,491.0,521.38,489.33,353522,17783386637.0
2025-11-21,471.99,463.01,482.0,459.0,414123,19479251603.0
2025-11-24,469.0,455.8,475.99,435.96,464258,21222535809.0
2025-11-25,476.01,478.66,493.8,469.01,439365,21131904345.0
2025-11-26,474.2,542.22,555.88,469.4,628951,32975131625.0
2025-11-27,536.0,523.0,557.77,522.36,437328,23641332186.0
2025-11-28,526.2,513.5,528.8,507.6,324657,16750682586.0
2025-12-01,523.0,537.0,545.5,514.0,372867,19884723666.0
2025-12-02,541.0,541.0,550.13,534.5,271615,14774407354.0
2025-12-03,539.54,522.73,557.58,521.11,368328,19817626709.0
2025-12-04,516.37,534.5,535.53,511.34,263194,13837413099.0
2025-12-05,538.53,536.05,544.0,524.0,282826,15166870065.0
2025-12-08,542.0,569.0,584.0,538.0,408224,23130085523.0
2025-12-09,569.09,605.0,612.0,567.54,371293,22178752621.0
2025-12-10,608.06,615.0,619.0,588.5,302094,18313255432.0
2025-12-11,609.0,585.81,626.11,584.91,363531,22007836032.0
2025-12-12,586.0,581.0,602.88,569.22,468789,27362453086.0
2025-12-15,569.0,569.86,587.0,567.0,300987,17331138638.0
2025-12-16,567.8,550.79,574.0,544.01,279702,15609524937.0
2025-12-17,556.0,588.98,591.07,555.66,323570,18602336343.0
2025-12-18,575.99,570.2,578.87,562.43,241629,13813326874.0
2025-12-19,582.34,570.7,586.0,569.28,224429,12979061282.0
2025-12-22,589.01,616.5,621.0,589.01,394412,23897727826.0
2025-12-23,624.0,620.0,627.99,613.0,233642,14498372814.0
2025-12-24,626.64,633.4,637.0,616.6,235091,14752690734.0
2025-12-25,644.0,638.8,657.8,617.41,259387,16554891810.0
2025-12-26,627.3,626.0,635.95,617.0,213762,13392778801.0
2025-12-29,626.64,617.0,632.69,611.73,241126,14961103073.0
2025-12-30,617.1,631.0,643.34,614.0,261145,16460770394.0
2025-12-31,628.0,609.0,632.0,607.0,225604,13944071967.0
2026-01-05,620.08,622.51,626.29,599.17,302042,18658748247.0
2026-01-06,605.0,604.25,614.8,589.2,335583,20243859699.0
2026-01-07,615.8,618.6,627.0,601.0,280015,17281311977.0
2026-01-08,610.1,594.45,615.0,591.0,291962,17523125451.0
2026-01-09,574.94,582.2,594.0,560.61,385723,22201259669.0
2026-01-12,569.0,590.97,599.0,557.85,383608,22117906764.0
2026-01-13,579.8,584.76,615.6,579.01,320559,19108309973.0
2026-01-14,594.35,592.0,599.88,566.01,417330,24433697896.0
2026-01-15,582.2,624.02,635.99,580.02,459038,27888274548.0
2026-01-16,634.97,616.0,644.0,614.02,372724,23373957057.0
2026-01-19,604.0,604.5,618.0,601.57,223079,13561463232.0
2026-01-20,604.52,584.0,607.0,579.0,262900,15451090110.0
2026-01-21,585.24,580.9,598.66,580.0,250959,14836515565.0
2026-01-22,589.08,620.0,623.5,584.0,401944,24274588606.0
2026-01-23,613.0,584.0,614.0,579.16,396560,23458779409.0
2026-01-26,579.0,588.8,597.0,571.01,260881,15300491053.0
2026-01-27,588.96,614.6,629.0,585.7,387287,23794065735.0
2026-01-28,631.0,627.0,643.98,622.0,329264,20818996206.0
2026-01-29,636.0,612.85,636.95,609.11,248940,15437115006.0
2026-01-30,615.2,648.0,652.58,604.93,357592,22650812274.0
2026-02-02,634.01,590.0,657.58,590.0,559980,34642172762.0
2026-02-03,606.0,588.7,617.8,575.0,429180,25546318135.0
2026-02-04,569.0,559.0,573.55,524.13,527210,29004521607.0
2026-02-05,560.01,560.99,576.75,555.01,318675,18014061307.0
2026-02-06,547.11,539.01,560.88,529.3,328676,17909389388.0
2026-02-09,560.0,564.99,572.99,549.12,366633,20565541885.0
2026-02-10,560.55,554.71,572.68,554.5,217158,12239667574.0
2026-02-11,550.01,530.91,553.0,521.53,397136,21161447644.0
2026-02-12,534.0,526.46,545.38,522.38,301786,16055660075.0
2026-02-13,523.0,530.0,542.8,514.0,260436,13816376824.0
2026-02-24,541.0,553.0,571.02,521.0,356558,19693436144.0
2026-02-25,549.0,565.07,568.86,547.0,214792,11999241088.0
2026-02-26,565.07,571.22,573.0,558.0,252800,14340448873.0
2026-02-27,554.0,533.0,558.98,530.11,347125,18806220503.0
2026-03-02,519.0,569.58,579.0,519.0,493103,27557516445.0
2026-03-03,569.8,562.8,598.04,562.28,393101,22869564245.0
2026-03-04,553.02,538.0,562.5,535.5,307429,16777788849.0
2026-03-05,555.0,556.0,584.0,551.6,379004,21444655495.0
2026-03-06,552.0,544.48,558.98,536.06,219668,12028188485.0
2026-03-09,519.1,524.99,527.3,505.0,314743,16230653690.0
2026-03-10,539.0,546.0,547.98,529.02,283094,15348948106.0
2026-03-11,556.0,553.68,567.9,552.0,238972,13412042199.0
2026-03-12,556.25,533.8,562.58,527.5,239117,12905792454.0
2026-03-13,525.5,541.02,547.88,524.01,211982,11483224114.0
2026-03-16,548.05,560.7,564.0,539.32,274320,15210952033.0
2026-03-17,569.0,542.0,576.88,538.0,300410,16803741799.0
2026-03-18,552.86,579.0,581.05,549.0,377805,21435555273.0
2026-03-19,579.0,574.2,591.8,568.9,331408,19280585871.0
2026-03-20,604.0,611.0,631.72,603.1,538539,33344122514.0
2026-03-23,589.31,598.62,617.1,584.0,378520,22741347135.0
2026-03-24,598.0,602.19,604.0,576.0,282636,16716920527.0
2026-03-25,624.0,627.4,634.0,615.05,335631,21048050377.0
2026-03-26,625.89,613.2,644.0,611.83,262769,16491318309.0
2026-03-27,597.85,597.0,608.88,587.66,224326,13421963395.0
2026-03-30,584.0,588.08,594.58,578.0,209255,12283293316.0
2026-03-31,570.0,568.41,584.9,554.0,261202,14942137036.0
2026-04-01,590.0,600.87,601.0,580.2,255405,15121134057.0
2026-04-02,592.01,581.0,595.77,577.69,177310,10393303258.0
2026-04-03,599.0,605.52,624.0,593.35,290271,17694513704.0
2026-04-07,607.0,618.53,635.66,596.7,239031,14668397048.0
2026-04-08,652.53,687.14,687.26,642.0,396630,26479882606.0
2026-04-09,681.0,692.02,699.0,677.01,249619,17248692686.0
2026-04-10,699.0,733.65,742.04,693.01,330801,23842833150.0
2026-04-13,737.8,737.0,743.0,713.23,228876,16730510498.0
2026-04-14,749.0,772.0,785.22,747.78,292668,22475999263.0
2026-04-15,786.0,778.98,807.83,765.0,323452,25441092937.0
2026-04-16,771.37,808.61,809.11,761.35,286570,22749930918.0
2026-04-17,840.0,850.0,864.0,819.24,398572,33630034467.0
2026-04-20,848.0,849.0,877.98,839.58,272631,23357063772.0
2026-04-21,848.75,863.86,867.0,838.0,251138,21433791330.0
2026-04-22,858.3,885.62,892.2,853.0,294383,25705226811.0
2026-04-23,889.0,896.0,918.99,876.78,309869,27877944598.0
2026-04-24,899.25,885.99,914.0,853.53,383884,33962426837.0
2026-04-27,898.0,856.03,899.0,853.0,318149,27543690271.0
2026-04-28,853.0,824.0,853.0,820.0,295109,24518220805.0
2026-04-29,815.23,845.0,862.0,815.23,251731,21221971379.0
2026-04-30,863.66,857.5,874.65,845.0,212710,18256407622.0
2026-05-06,888.5,856.0,889.0,840.45,309386,26756822154.0
2026-05-07,858.0,877.47,889.15,835.0,277190,23995585894.0
2026-05-08,864.95,886.0,898.95,861.56,197641,17406542424.0
2026-05-11,889.06,940.13,946.79,870.0,322655,29399331289.0
2026-05-12,961.0,1017.99,1022.9,960.0,345421,34442619232.0
2026-05-13,999.68,1049.2,1052.2,991.12,260005,26467945093.0
2026-05-14,1065.0,1078.0,1088.88,1025.1,300571,31835259103.0
2026-05-15,1068.99,1049.87,1099.87,1034.0,276253,29275322893.0
2026-05-18,1030.03,1045.0,1075.0,1030.03,243132,25546322518.0
2026-05-19,1026.0,1030.0,1037.38,988.88,272749,27528008856.0
2026-05-20,1019.11,1037.0,1071.0,1019.11,225973,23581065527.0
2026-05-21,1060.0,993.34,1065.0,993.34,237726,24395401283.0
2026-05-22,1010.04,1037.98,1044.87,1006.18,209338,21509318911.0
2026-05-25,1054.99,1093.0,1094.98,1025.55,250761,26633292536.0
2026-05-26,1079.0,1103.0,1110.0,1076.0,234391,25717381407.0
2026-05-27,1090.0,1111.37,1147.0,1088.67,250688,28064034996.0
2026-05-28,1100.0,1197.99,1199.79,1085.56,287465,32911837684.0
2026-05-29,1190.0,1161.16,1209.99,1155.0,287268,33891957432.0
2026-06-01,1161.0,1130.0,1183.61,1113.9,269782,30968403448.0
2026-06-02,1153.6,1191.81,1205.58,1140.01,290063,34167017419.0
2026-06-03,1220.0,1275.0,1320.0,1220.0,345251,43881189297.0
2026-06-04,1250.0,1280.0,1290.0,1241.36,217142,27594721466.0
2026-06-05,1273.2,1179.99,1301.51,1160.0,474741,58324832701.0
2026-06-08,1132.79,1154.99,1179.45,1132.0,336120,38923878723.0
2026-06-09,1140.97,1180.0,1196.16,1126.9,398930,46676010458.0
2026-06-10,1150.0,1147.0,1174.0,1128.8,228965,26382501758.0
2026-06-11,1136.0,1124.0,1174.9,1093.0,305924,34558724425.0
2026-06-12,1182.0,1149.0,1188.5,1128.18,346851,40003007250.0
2026-06-15,1175.0,1245.0,1245.0,1122.0,342237,40751494524.0
2026-06-16,1240.0,1248.09,1273.68,1232.46,232822,29091725555.0
2026-06-17,1228.0,1276.11,1276.13,1220.05,217562,27272022889.0
2026-06-18,1270.0,1367.88,1368.5,1268.73,285516,38176552698.0
2026-06-22,1367.78,1382.33,1416.88,1343.38,280333,38643675146.0
2026-06-23,1395.0,1310.01,1395.0,1300.0,291773,38963677904.0
2026-06-24,1313.61,1312.18,1344.88,1282.15,262257,34437448050.0
2026-06-25,1326.0,1323.4,1345.09,1280.02,376090,49655189337.0
2026-06-26,1296.0,1253.89,1296.94,1235.13,352811,44480805076.0
2026-06-29,1239.0,1220.0,1264.21,1169.49,352899,42631770347.0
2026-06-30,1223.01,1270.0,1295.6,1218.21,276783,34960563603.0
2026-07-01,1263.5,1223.17,1315.57,1208.0,271557,34256250272.0
2026-07-02,1160.0,1143.0,1198.0,1127.4,317620,36721292927.0
2026-07-03,1130.0,1116.0,1188.01,1115.0,328618,37702362948.0
2026-07-06,1136.54,1098.92,1141.0,1060.34,315566,34704124551.0
2026-07-07,1098.0,1121.9,1138.2,1089.0,292864,32709219195.0
2026-07-08,1134.8,1128.35,1179.3,1114.56,317328,36323448241.0
2026-07-09,1153.0,1194.9,1199.99,1117.01,358884,41608727822.0
2026-07-10,1210.0,1093.98,1218.0,1093.98,423262,49028023215.0
2026-07-13,1100.01,1108.0,1148.48,1076.8,344521,38390820847.0
2026-07-14,1108.53,1184.05,1198.66,1098.0,400476,46249945645.0
2026-07-15,1190.0,1169.31,1207.98,1160.0,247946,29281915790.0
2026-07-16,1122.22,1113.0,1163.0,1098.0,306634,34474188926.0
2026-07-17,1057.36,979.46,1072.0,950.55,561861,56485631462.0
2026-07-20,1028.43,1004.0,1057.77,967.68,453665,46094376323.78
