date,symbol,open,close,high,low,volume,amount,amplitude,pct_change,change,turnover,name,tr,atr20,entry_high,exit_low,cash,shares,units,stop_price,next_add_price,equity,action,execution_price,action_reason,strategy_return,strategy_net_value,running_peak,drawdown,buy_hold_equity,buy_hold_net_value
2025-07-10,688347,52.75,53.11,53.46,52.3,57513,304293432.0,2.18,0.04,0.02,1.47,华虹公司,1.1600000000000037,1.7914403342163503,55.9,46.01,500000.0,0,0,,,500000.0,,,,0.0,1.0,500000.0,0.0,503009.83895224397,1.0060196779044879
2025-07-11,688347,52.9,55.55,56.43,52.78,151564,835790978.0,6.87,4.59,2.44,3.87,华虹公司,3.6499999999999986,1.8843683175055326,55.9,46.01,500000.0,0,0,,,500000.0,,,,0.0,1.0,500000.0,0.0,526119.3099942978,1.0522386199885956
2025-07-14,688347,55.55,54.05,55.76,54.05,80661,441330329.0,3.08,-2.7,-1.5,2.06,华虹公司,1.7100000000000009,1.875649901630256,56.43,46.6,500000.0,0,0,,,500000.0,,,,0.0,1.0,500000.0,0.0,511912.66796024825,1.0238253359204965
2025-07-15,688347,54.0,54.08,54.48,53.18,59421,320024853.0,2.41,0.06,0.03,1.52,华虹公司,1.2999999999999972,1.846867406548743,56.43,47.02,500000.0,0,0,,,500000.0,,,,0.0,1.0,500000.0,0.0,512196.80080092925,1.0243936016018584
2025-07-16,688347,53.91,53.37,54.59,53.26,59398,319429538.0,2.46,-1.31,-0.71,1.52,华虹公司,1.3300000000000054,1.821024036221306,56.43,48.31,500000.0,0,0,,,500000.0,,,,0.0,1.0,500000.0,0.0,505472.3235714792,1.0109446471429584
2025-07-17,688347,53.37,53.25,53.9,52.4,105976,562524344.0,2.81,-0.22,-0.12,2.71,华虹公司,1.5,1.8049728344102405,56.43,49.02,500000.0,0,0,,,500000.0,,,,0.0,1.0,500000.0,0.0,504335.7922087552,1.0086715844175105
2025-07-18,688347,53.28,52.93,53.71,52.53,53862,285527581.0,2.22,-0.6,-0.32,1.38,华虹公司,1.1799999999999997,1.7737241926897283,56.43,50.0,500000.0,0,0,,,500000.0,,,,0.0,1.0,500000.0,0.0,501305.04190815805,1.0026100838163161
2025-07-21,688347,52.9,53.18,54.4,52.8,57584,307901411.0,3.02,0.47,0.25,1.47,华虹公司,1.6000000000000014,1.7650379830552418,56.43,50.81,500000.0,0,0,,,500000.0,,,,0.0,1.0,500000.0,0.0,503672.8155804996,1.0073456311609992
2025-07-22,688347,53.19,53.72,55.2,52.94,102779,555858878.0,4.25,1.02,0.54,2.63,华虹公司,2.260000000000005,1.78978608390248,56.43,51.15,500000.0,0,0,,,500000.0,,,,0.0,1.0,500000.0,0.0,508787.2067127574,1.017574413425515
2025-07-23,688347,53.7,54.35,55.28,53.36,103703,563913399.0,3.57,1.17,0.63,2.65,华虹公司,1.9200000000000017,1.796296779707356,56.43,51.68,500000.0,0,0,,,500000.0,,,,0.0,1.0,500000.0,0.0,514753.9963670582,1.0295079927341164
2025-07-24,688347,54.3,58.01,58.22,54.04,216847,1235332698.0,7.69,6.73,3.66,5.54,华虹公司,4.18,1.915481940721988,56.43,51.68,500000.0,0,0,,,500000.0,,,,0.0,1.0,500000.0,0.0,549418.2029301389,1.0988364058602778
2025-07-25,688347,57.99,59.85,59.99,57.61,176751,1039534401.0,4.1,3.17,1.84,4.52,华虹公司,2.3800000000000026,1.9387078436858889,58.22,51.68,424552.67909195,1300,1,54.18803111855602,58.97673597036099,502357.67909195,首次买入,58.018995,突破55日高点,0.00471535818390012,1.0047153581839001,502357.67909195,0.0,566845.0171585728,1.1336900343171457
2025-07-28,688347,60.0,60.07,60.88,59.4,160804,964897831.0,2.47,0.37,0.22,4.11,华虹公司,1.480000000000004,1.9157724515015946,59.99,51.73,352495.06829195004,2500,2,56.152584312628214,60.99935392184294,502670.06829195004,加仓至2单位,60.029999999999994,上涨0.5ATR加仓,0.0006218461725611135,1.0053401365839,502670.06829195004,0.0,568928.6579902333,1.1378573159804666
2025-07-29,688347,59.5,60.22,60.78,58.95,143050,857589742.0,3.05,0.25,0.15,3.65,华虹公司,1.8299999999999983,1.9114838289265146,60.88,51.73,352495.06829195004,2500,2,56.152584312628214,60.99935392184294,503045.06829195004,,,,0.0007460161717489644,1.0060901365839001,503045.06829195004,0.0,570349.3221936384,1.1406986443872769
2025-07-30,688347,59.99,58.48,60.2,57.6,167815,989113106.0,4.32,-2.89,-1.74,4.29,华虹公司,2.6199999999999974,1.9469096374801889,60.88,51.73,352495.06829195004,2500,2,56.152584312628214,60.99935392184294,498695.06829195004,,,,-0.008647336539388206,0.9973901365839001,503045.06829195004,-0.008647336539388206,553869.617434141,1.107739234868282
2025-07-31,688347,58.0,60.02,62.2,57.96,212030,1273803162.0,7.25,2.63,1.54,5.42,华虹公司,4.240000000000002,2.0615641556061792,60.88,51.73,352495.06829195004,2500,2,56.152584312628214,60.99935392184294,502545.06829195004,,,,0.00772014853322367,1.0050901365839,503045.06829195004,-0.0009939467286652626,568455.103255765,1.1369102065115302
2025-08-01,688347,60.13,58.67,60.15,58.3,87884,519938510.0,3.08,-2.25,-1.35,2.25,华虹公司,1.8500000000000014,2.0509859478258705,62.2,51.73,352495.06829195004,2500,2,56.152584312628214,60.99935392184294,499170.06829195004,,,,-0.006715815581418316,0.9983401365839001,503045.06829195004,-0.0077030871471561735,555669.1254251206,1.1113382508502412
2025-08-04,688347,59.6,63.1,64.06,59.6,284075,1776571132.0,7.6,7.55,4.43,7.26,华虹公司,5.390000000000001,2.217936650434577,62.2,52.3,352495.06829195004,2500,2,56.152584312628214,60.99935392184294,510245.06829195004,,,,0.022186827102627094,1.0204901365839,510245.06829195004,0.0,597626.0748990134,1.1952521497980269
2025-08-05,688347,63.1,64.5,66.0,62.62,260619,1675752880.0,5.36,2.22,1.4,6.66,华虹公司,3.3800000000000026,2.2760398179128485,64.06,52.3,283029.52988045005,3600,3,58.69567669913084,64.24051832521728,515229.52988045005,加仓至3单位,63.13155,上涨0.5ATR加仓,0.009768759951341632,1.0304590597609,515229.52988045005,0.0,610885.6074641261,1.2217712149282522
2025-08-06,688347,64.5,65.37,66.38,62.82,214498,1385675832.0,5.52,1.35,0.87,5.48,华虹公司,3.559999999999995,2.340237827017206,66.0,52.3,212022.75923795006,4700,4,59.98017036417429,65.67026990895641,519261.7592379501,加仓至4单位,64.53224999999999,上涨0.5ATR加仓,0.007826083567911368,1.0385235184759,519261.7592379501,0.0,619125.4598438749,1.2382509196877498
2025-08-07,688347,64.0,66.8,67.79,64.0,250360,1654274479.0,5.8,2.19,1.43,6.14,华虹公司,3.7900000000000063,2.4127259356663457,66.38,52.3,212022.75923795006,4700,4,59.98017036417429,65.67026990895641,525982.7592379501,,,,0.012943375629785425,1.0519655184759003,525982.7592379501,0.0,632669.1252496685,1.265338250499337
2025-08-08,688347,65.8,64.75,66.28,64.26,223341,1455259831.0,3.02,-3.07,-2.05,5.48,华虹公司,2.539999999999992,2.4190896388830283,67.79,52.4,212022.75923795006,4700,4,59.98017036417429,65.67026990895641,516347.7592379501,,,,-0.018318090908453488,1.0326955184759001,525982.7592379501,-0.018318090908453488,613253.3811364677,1.2265067622729353
2025-08-11,688347,64.6,62.66,64.81,61.4,256939,1605457526.0,5.27,-3.23,-2.09,6.3,华虹公司,3.4100000000000037,2.468635156938877,67.79,52.4,212022.75923795006,4700,4,59.98017036417429,65.67026990895641,506524.7592379501,,,,-0.019024000442061095,1.0130495184759,525982.7592379501,-0.03699360798097451,593458.793235692,1.186917586471384
2025-08-12,688347,62.82,65.99,66.66,62.31,243104,1567920237.0,6.94,5.31,3.33,5.96,华虹公司,4.349999999999994,2.562703399091933,67.79,52.4,212022.75923795006,4700,4,59.98017036417429,65.67026990895641,522175.7592379501,,,,0.030898785724801314,1.0443515184759002,525982.7592379501,-0.007237879822364568,624997.5385512819,1.2499950771025639
2025-08-13,688347,66.15,68.04,68.68,65.56,211264,1426691614.0,4.73,3.11,2.05,5.18,华虹公司,3.1200000000000045,2.590568229137336,67.79,52.4,212022.75923795006,4700,4,59.98017036417429,65.67026990895641,531810.7592379501,,,,0.018451641673411068,1.0636215184759001,531810.7592379501,0.0,644413.2826644827,1.2888265653289654
2025-08-14,688347,68.4,70.5,72.04,67.07,289405,2035895938.0,7.3,3.62,2.46,7.1,华虹公司,4.970000000000013,2.70953981768047,68.68,52.4,212022.75923795006,4700,4,59.98017036417429,65.67026990895641,543372.7592379501,,,,0.02174081625683466,1.0867455184759,543372.7592379501,0.0,667712.1756003238,1.3354243512006476
2025-08-15,688347,69.99,78.5,81.88,68.91,337884,2522481346.0,18.4,11.35,8.0,8.29,华虹公司,12.969999999999999,3.2225628267964463,72.04,52.53,212022.75923795006,4700,4,59.98017036417429,65.67026990895641,580972.7592379501,,,,0.0691974328134004,1.1619455184759002,580972.7592379501,0.0,743480.9331152542,1.4869618662305084
2025-09-01,688347,88.0,85.71,93.92,80.76,777676,6689772809.0,16.76,9.18,7.21,19.07,华虹公司,15.420000000000002,3.832434685456624,81.88,52.8,212022.75923795006,4700,4,59.98017036417429,65.67026990895641,614859.75923795,,,,0.058328035972717185,1.2297195184759,614859.75923795,0.0,811767.5258255852,1.6235350516511704
2025-09-02,688347,83.17,76.8,83.26,76.0,619732,4872722893.0,8.47,-10.4,-8.91,15.2,华虹公司,9.709999999999994,4.126312951183793,93.92,52.94,212022.75923795006,4700,4,59.98017036417429,65.67026990895641,572982.7592379501,,,,-0.06810821389889254,1.1459655184759001,614859.75923795,-0.06810821389889254,727380.0721433314,1.454760144286663
2025-09-03,688347,75.6,77.89,80.66,74.07,400143,3114165945.0,8.58,1.42,1.09,9.81,华虹公司,6.590000000000003,4.249497303624603,93.92,53.36,212022.75923795006,4700,4,59.98017036417429,65.67026990895641,578105.7592379501,,,,0.008940932196308093,1.1562115184759,614859.75923795,-0.05977623262506615,737703.5653547407,1.4754071307094814
2025-09-04,688347,76.0,69.35,76.4,68.8,433130,3122243243.0,9.76,-10.96,-8.54,10.62,华虹公司,9.090000000000003,4.491522438443373,93.92,54.04,212022.75923795006,4700,4,59.98017036417429,65.67026990895641,537967.7592379501,,,,-0.06943020262055388,1.0759355184759,614859.75923795,-0.1250561593025683,656820.4167075525,1.313640833415105
2025-09-05,688347,69.98,72.15,72.79,67.38,317079,2236622031.0,7.8,4.04,2.8,7.78,华虹公司,5.410000000000011,4.537446316521204,93.92,57.6,212022.75923795006,4700,4,59.98017036417429,65.67026990895641,551127.7592379501,,,,0.0244624325045828,1.1022555184759002,614859.75923795,-0.10365290465420696,683339.4818377784,1.3666789636755567
2025-09-08,688347,71.02,70.05,71.8,68.01,302879,2111811197.0,5.25,-2.91,-2.1,7.43,华虹公司,4.140000000000001,4.517574000695143,93.92,57.6,212022.75923795006,4700,4,59.98017036417429,65.67026990895641,541257.7592379501,,,,-0.017908733201258742,1.0825155184759,614859.75923795,-0.11970534564047797,663450.1829901091,1.326900365980218
2025-09-09,688347,69.01,67.3,70.49,67.3,205839,1412313148.0,4.55,-3.93,-2.75,5.05,华虹公司,3.1899999999999977,4.451195300660386,93.92,57.6,212022.75923795006,4700,4,59.98017036417429,65.67026990895641,528332.7592379501,,,,-0.02387956528918389,1.0566655184759002,614859.75923795,-0.14072639931297581,637404.6725943517,1.2748093451887035
2025-09-10,688347,67.9,68.3,69.5,67.19,193365,1321199231.0,3.43,1.49,1.0,4.74,华虹公司,2.3100000000000023,4.344135535627366,93.92,57.6,212022.75923795006,4700,4,59.98017036417429,65.67026990895641,533032.7592379501,,,,0.008895908720063295,1.0660655184759003,614859.75923795,-0.1330823797957038,646875.7672837179,1.2937515345674357
2025-09-11,688347,67.86,73.0,74.42,67.08,339712,2430094239.0,10.75,6.88,4.7,8.33,华虹公司,7.340000000000003,4.493928758845998,93.92,57.96,212022.75923795006,4700,4,59.98017036417429,65.67026990895641,555122.7592379501,,,,0.041442105793987105,1.1102455184759001,614859.75923795,-0.0971554880645259,691389.9123237396,1.3827798246474792
2025-09-12,688347,72.9,74.8,76.47,72.4,331360,2487920210.0,5.58,2.47,1.8,8.13,华虹公司,4.069999999999993,4.472732320903698,93.92,58.3,212022.75923795006,4700,4,59.98017036417429,65.67026990895641,563582.7592379501,,,,0.015239872369155805,1.1271655184759002,614859.75923795,-0.08339625293343644,708437.8827645988,1.4168757655291977
2025-09-15,688347,77.9,76.86,78.58,73.73,290912,2222502765.0,6.48,2.75,2.06,7.13,华虹公司,4.849999999999994,4.491595704858512,93.92,59.6,212022.75923795006,4700,4,59.98017036417429,65.67026990895641,573264.7592379501,,,,0.01717937577276407,1.1465295184759001,614859.75923795,-0.06764957272785621,727948.3378246934,1.4558966756493867
2025-09-16,688347,76.25,76.9,77.99,75.57,235653,1808051190.0,3.15,0.05,0.04,5.78,华虹公司,2.4200000000000017,4.388015919615587,93.92,61.4,212022.75923795006,4700,4,59.98017036417429,65.67026990895641,573452.7592379501,,,,0.0003279462010710166,1.1469055184759003,614859.75923795,-0.06734381194716543,728327.1816122683,1.4566543632245366
2025-09-17,688347,76.9,80.69,81.6,75.5,311890,2493580634.0,7.93,4.93,3.79,7.65,华虹公司,6.099999999999994,4.473615123634807,93.92,61.4,212022.75923795006,4700,4,59.98017036417429,65.67026990895641,591265.7592379501,,,,0.031062715651889672,1.1825315184759002,614859.75923795,-0.0383729779767048,764222.6304849663,1.5284452609699326
2025-09-18,688347,81.11,82.49,88.88,80.01,366112,3065452942.0,10.99,2.23,1.8,8.98,华虹公司,8.86999999999999,4.693434367453066,93.92,61.4,212022.75923795006,4700,4,59.98017036417429,65.67026990895641,599725.7592379501,,,,0.014308286701573358,1.1994515184759003,614859.75923795,-0.02461374284561535,781270.6009258258,1.5625412018516516
2025-09-19,688347,82.9,83.0,86.8,81.6,253890,2136934904.0,6.3,0.62,0.51,6.23,华虹公司,5.200000000000003,4.718762649080412,93.92,61.4,212022.75923795006,4700,4,59.98017036417429,65.67026990895641,602122.7592379501,,,,0.003996826821388799,1.2042455184759002,614859.75923795,-0.020715292891806736,786100.8592174025,1.572201718434805
2025-09-22,688347,83.1,84.66,86.67,80.68,306066,2548693429.0,7.22,2.0,1.66,7.51,华虹公司,5.989999999999995,4.7823245166263915,93.92,61.4,212022.75923795006,4700,4,59.98017036417429,65.67026990895641,609924.7592379501,,,,0.012957490611838374,1.2198495184759002,614859.75923795,-0.008026220493135283,801822.8764017506,1.6036457528035013
2025-09-23,688347,84.0,81.9,84.5,79.12,283101,2301302794.0,6.35,-3.26,-2.76,6.94,华虹公司,5.539999999999992,4.820208290795071,93.92,62.31,212022.75923795006,4700,4,59.98017036417429,65.67026990895641,596952.7592379501,,,,-0.021268197107143894,1.1939055184759002,614859.75923795,-0.029123714360805852,775682.6550590997,1.5513653101181992
2025-09-24,688347,81.1,85.38,87.98,80.33,309193,2610977669.0,9.34,4.25,3.48,7.58,华虹公司,7.650000000000006,4.961697876255317,93.92,65.56,212022.75923795006,4700,4,59.98017036417429,65.67026990895641,613308.7592379501,,,,0.02739915302658047,1.2266175184759003,614859.75923795,-0.002522526440699502,808642.0645780943,1.6172841291561886
2025-09-25,688347,85.3,90.38,93.0,84.9,323356,2888079611.0,9.49,5.86,5.0,7.93,华虹公司,8.099999999999994,5.118612982442551,93.92,67.07,212022.75923795006,4700,4,59.98017036417429,65.67026990895641,636808.7592379501,,,,0.03831675260793488,1.2736175184759002,636808.7592379501,0.0,855997.5380249259,1.7119950760498517
2025-09-26,688347,89.23,95.77,99.88,89.01,379464,3589402887.0,12.03,5.96,5.39,9.31,华虹公司,10.86999999999999,5.406182333320423,93.92,67.08,212022.75923795006,4700,4,59.98017036417429,65.67026990895641,662141.7592379501,,,,0.03978117391211011,1.3242835184759,662141.7592379501,0.0,907046.7384006102,1.8140934768012202
2025-09-29,688347,95.39,99.0,99.0,92.0,305494,2881474424.0,7.31,3.37,3.23,7.49,华虹公司,7.0,5.485873216654403,99.88,67.08,212022.75923795006,4700,4,59.98017036417429,65.67026990895641,677322.7592379501,,,,0.022927114606805077,1.3546455184759,677322.7592379501,0.0,937638.3742472634,1.8752767484945267
2025-09-30,688347,97.83,114.56,117.89,97.0,421317,4529402196.0,21.1,15.72,15.56,10.33,华虹公司,20.89,6.256079555821683,99.88,67.08,212022.75923795006,4700,4,59.98017036417429,65.67026990895641,750454.7592379501,,,,0.10797215803331373,1.5009095184759003,750454.7592379501,0.0,1085008.607613803,2.1700172152276056
2025-10-09,688347,122.0,128.35,137.47,120.08,593707,7775409442.0,15.18,12.04,13.79,14.56,华虹公司,22.909999999999997,7.0887755780305985,117.89,67.08,212022.75923795006,4700,4,59.98017036417429,65.67026990895641,815267.7592379501,,,,0.08636496631164614,1.6305355184759003,815267.7592379501,0.0,1215615.003380164,2.431230006760328
2025-10-10,688347,122.05,113.1,123.43,113.0,484224,5629454053.0,8.13,-11.88,-15.25,11.88,华虹公司,15.349999999999994,7.501836799129069,137.47,67.08,212022.75923795006,4700,4,59.98017036417429,65.67026990895641,743592.7592379501,,,,-0.08791590147879302,1.4871855184759002,815267.7592379501,-0.08791590147879302,1071180.8093673282,2.1423616187346566
2025-10-13,688347,112.0,135.72,135.72,111.5,611701,7626313647.0,21.41,20.0,22.62,15.0,华虹公司,24.22,8.337744959172614,137.47,67.08,212022.75923795006,4700,4,59.98017036417429,65.67026990895641,849906.7592379501,,,,0.14297342016744885,1.6998135184759002,849906.7592379501,0.0,1285416.9712407938,2.570833942481588
2025-10-14,688347,135.72,122.99,135.72,117.58,561914,7101744408.0,13.37,-9.38,-12.73,13.78,华虹公司,18.14,8.827857711213984,137.47,67.08,212022.75923795006,4700,4,59.98017036417429,65.67026990895641,790075.7592379501,,,,-0.07039713397931568,1.5801515184759,849906.7592379501,-0.07039713397931568,1164849.9358451609,2.329699871690322
2025-10-15,688347,120.53,125.07,128.28,116.1,399587,4898697344.0,9.9,1.69,2.08,9.8,华虹公司,12.180000000000007,8.995464825653285,137.47,67.08,212022.75923795006,4700,4,59.98017036417429,65.67026990895641,799851.7592379501,,,,0.012373496953544283,1.5997035184759,849906.7592379501,-0.05889469574860273,1184549.8127990426,2.369099625598085
2025-10-16,688347,123.12,121.15,126.12,119.88,276684,3388382236.0,4.99,-3.13,-3.92,6.79,华虹公司,6.240000000000009,8.85769158437062,137.47,67.08,212022.75923795006,4700,4,59.98017036417429,65.67026990895641,781427.7592379501,,,,-0.0230342682718524,1.5628555184759,849906.7592379501,-0.08057236779879262,1147423.121616727,2.294846243233454
2025-10-17,688347,121.14,117.74,124.5,117.37,320943,3878646344.0,5.89,-2.81,-3.41,7.87,华虹公司,7.1299999999999955,8.771307005152089,137.47,67.08,212022.75923795006,4700,4,59.98017036417429,65.67026990895641,765400.7592379501,,,,-0.02050989334654496,1.5308015184759,849906.7592379501,-0.09942973047510584,1115126.6887259877,2.2302533774519753
2025-10-20,688347,121.5,117.18,122.5,114.84,272136,3221780875.0,6.51,-0.48,-0.56,6.67,华虹公司,7.659999999999997,8.715741654894483,137.47,72.4,212022.75923795006,4700,4,59.98017036417429,65.67026990895641,762768.7592379501,,,,-0.003438721438714598,1.5255375184759001,849906.7592379501,-0.10252654076799006,1109822.8756999427,2.2196457513998853
2025-10-21,688347,118.34,116.45,120.38,115.4,304930,3576374885.0,4.25,-0.62,-0.73,7.48,华虹公司,4.97999999999999,8.528954572149757,137.47,73.73,212022.75923795006,4700,4,59.98017036417429,65.67026990895641,759337.7592379501,,,,-0.004498086685442826,1.5186755184759002,849906.7592379501,-0.10656345418549995,1102908.9765767052,2.2058179531534106
2025-10-22,688347,112.01,114.6,115.96,110.28,279809,3161858923.0,4.88,-1.59,-1.85,6.86,华虹公司,6.170000000000002,8.41100684354227,137.47,75.5,212022.75923795006,4700,4,59.98017036417429,65.67026990895641,750642.7592379501,,,,-0.01145076732220729,1.5012855184759002,849906.7592379501,-0.11679398818877829,1085387.4514013776,2.170774902802755
2025-10-23,688347,113.06,110.85,115.75,108.8,232496,2567979893.0,6.06,-3.27,-3.75,5.7,华虹公司,6.950000000000003,8.337956501365156,137.47,75.5,212022.75923795006,4700,4,59.98017036417429,65.67026990895641,733017.7592379501,,,,-0.02347987745581248,1.4660355184759002,849906.7592379501,-0.13753155711434262,1049870.846316254,2.099741692632508
2025-10-24,688347,113.06,127.5,128.88,113.06,517762,6328719156.0,14.27,15.02,16.65,12.7,华虹公司,18.03,8.822558676296898,137.47,79.12,212022.75923795006,4700,4,59.98017036417429,65.67026990895641,811272.7592379501,,,,0.1067573043269161,1.6225455184759001,849906.7592379501,-0.045456751084837044,1207564.5728942028,2.4151291457884057
2025-10-27,688347,130.68,133.5,136.0,122.23,513044,6586853394.0,10.8,4.71,6.0,12.58,华虹公司,13.769999999999996,9.069930742482052,137.47,79.12,212022.75923795006,4700,4,59.98017036417429,65.67026990895641,839472.7592379501,,,,0.03476019585137924,1.6789455184759001,849906.7592379501,-0.012276640803934091,1264391.1410304005,2.528782282060801
2025-10-28,688347,127.6,134.4,138.35,127.01,369768,4952897490.0,8.49,0.67,0.9,9.07,华虹公司,11.33999999999999,9.18343420535795,137.47,79.12,212022.75923795006,4700,4,59.98017036417429,65.67026990895641,843702.7592379501,,,,0.0050388770254319315,1.6874055184759003,849906.7592379501,-0.007299624261798643,1272915.1262508302,2.5458302525016605
2025-10-29,688347,132.11,140.0,142.09,130.01,394099,5398338979.0,8.99,4.17,5.6,9.67,华虹公司,12.080000000000013,9.328262495090053,138.35,79.12,212022.75923795006,4700,4,59.98017036417429,65.67026990895641,870022.7592379501,,,,0.031195820698480148,1.7400455184759003,870022.7592379501,0.0,1325953.2565112815,2.651906513022563
2025-10-30,688347,137.98,133.34,139.74,130.28,298008,4046255880.0,6.76,-4.76,-6.66,7.31,华虹公司,9.719999999999999,9.34784937033555,142.09,80.33,212022.75923795006,4700,4,59.98017036417429,65.67026990895641,838720.7592379501,,,,-0.035978369149121225,1.6774415184759002,870022.7592379501,-0.035978369149121225,1262875.765880102,2.525751531760204
2025-10-31,688347,134.64,125.05,136.28,124.9,316725,4040121604.0,8.53,-6.22,-8.29,7.77,华虹公司,11.379999999999995,9.449456901818772,142.09,84.9,212022.75923795006,4700,4,59.98017036417429,65.67026990895641,799757.7592379501,,,,-0.04645527080479228,1.5995155184759002,870022.7592379501,-0.08076225507197632,1184360.3909052555,2.3687207818105107
2025-11-03,688347,123.32,122.75,124.8,118.84,237042,2883285457.0,4.77,-1.84,-2.3,5.81,华虹公司,6.209999999999994,9.287484056727832,142.09,89.01,212022.75923795006,4700,4,59.98017036417429,65.67026990895641,788947.7592379501,,,,-0.013516592837186536,1.5778955184759003,870022.7592379501,-0.09318721739074198,1162576.873119713,2.325153746239426
2025-11-04,688347,122.75,124.17,129.33,122.74,286285,3611757637.0,5.37,1.16,1.42,7.02,华虹公司,6.590000000000018,9.152609853891441,142.09,92.0,212022.75923795006,4700,4,59.98017036417429,65.67026990895641,795621.7592379501,,,,0.008459368724801797,1.5912435184759002,870022.7592379501,-0.08551615369828669,1176025.827578613,2.352051655157226
2025-11-05,688347,118.8,120.97,123.45,118.8,213631,2593883661.0,3.74,-2.58,-3.2,5.24,华虹公司,5.3700000000000045,8.963479361196868,142.09,97.0,212022.75923795006,4700,4,59.98017036417429,65.67026990895641,780581.7592379501,,,,-0.01890345484568623,1.5611635184759,870022.7592379501,-0.1028030577939606,1145718.324572641,2.291436649145282
2025-11-06,688347,124.58,127.26,127.45,118.4,340929,4220518405.0,7.48,5.2,6.29,8.36,华虹公司,9.049999999999997,8.967805393137024,142.09,108.8,212022.75923795006,4700,4,59.98017036417429,65.67026990895641,810144.7592379501,,,,0.03787303463106939,1.6202895184759,870022.7592379501,-0.06882348693090157,1205291.510168755,2.41058302033751
2025-11-07,688347,122.25,125.76,130.35,119.0,328059,4051428845.0,8.92,-1.18,-1.5,8.05,华虹公司,11.349999999999994,9.086915123480171,142.09,108.8,212022.75923795006,4700,4,59.98017036417429,65.67026990895641,803094.7592379501,,,,-0.008702148498289985,1.6061895184759,870022.7592379501,-0.07692672322574867,1191084.8681347056,2.382169736269411
2025-11-10,688347,123.2,118.85,125.49,115.9,294330,3513180535.0,7.63,-5.49,-6.91,7.22,华虹公司,9.86,9.125569367306163,142.09,108.8,212022.75923795006,4700,4,59.98017036417429,65.67026990895641,770617.7592379501,,,,-0.04043981065300084,1.5412355184759001,870022.7592379501,-0.11425563175734443,1125639.6038311843,2.2512792076623684
2025-11-11,688347,120.0,114.3,123.6,113.66,232295,2722590996.0,8.36,-3.83,-4.55,5.7,华虹公司,9.939999999999998,9.166290898940854,142.09,108.8,212022.75923795006,4700,4,59.98017036417429,65.67026990895641,749232.7592379501,,,,-0.027750463499760514,1.4984655184759001,870022.7592379501,-0.1388354485183808,1082546.1229945677,2.1650922459891353
2025-11-12,688347,113.21,113.38,114.9,111.11,167277,1887136397.0,3.32,-0.8,-0.92,4.1,华虹公司,3.7900000000000063,8.897476353993811,142.09,108.8,212022.75923795006,4700,4,59.98017036417429,65.67026990895641,744908.7592379501,,,,-0.0057712372379419286,1.4898175184759002,870022.7592379501,-0.14380543344588703,1073832.7158803507,2.1476654317607013
2025-11-13,688347,113.55,116.35,116.98,112.44,173742,2001122608.0,4.0,2.62,2.97,4.26,华虹公司,4.540000000000006,8.679602536294121,142.09,108.8,212022.75923795006,4700,4,59.98017036417429,65.67026990895641,758867.7592379501,,,,0.018739207757846987,1.5177355184759003,870022.7592379501,-0.12776102558208968,1101961.8671077685,2.203923734215537
2025-11-14,688347,113.79,111.73,116.44,111.17,149995,1695936893.0,4.53,-3.97,-4.62,3.68,华虹公司,5.269999999999996,8.509122409479415,142.09,108.8,212022.75923795006,4700,4,59.98017036417429,65.67026990895641,737153.7592379501,,,,-0.028613681021058324,1.4743075184759002,870022.7592379501,-0.15271899337021888,1058205.4096428964,2.1164108192857927
2025-11-17,688347,112.49,113.1,115.0,111.2,121477,1380074562.0,3.4,1.23,1.37,2.98,华虹公司,3.799999999999997,8.273666289005444,142.09,108.8,212022.75923795006,4700,4,59.98017036417429,65.67026990895641,743592.7592379501,,,,0.008734948332429937,1.4871855184759002,870022.7592379501,-0.14531803755425843,1071180.8093673282,2.1423616187346566
2025-11-18,688347,113.1,116.98,120.36,112.5,233104,2747290624.0,6.95,3.43,3.88,5.72,华虹公司,7.859999999999999,8.252982974555172,142.09,108.8,212022.75923795006,4700,4,59.98017036417429,65.67026990895641,761828.7592379501,,,,0.02452417640361193,1.5236575184759003,870022.7592379501,-0.12435766633825385,1107928.6567620693,2.215857313524139
2025-11-19,688347,115.58,114.5,117.54,113.82,134565,1555762129.0,3.18,-2.12,-2.48,3.3,华虹公司,3.720000000000013,8.026333825827413,142.09,108.8,212022.75923795006,4700,4,59.98017036417429,65.67026990895641,750172.7592379501,,,,-0.01530002623116955,1.5003455184759003,870022.7592379501,-0.13775501701240112,1084440.3419324409,2.1688806838648818
2025-11-20,688347,117.8,112.91,118.64,112.77,145822,1675283322.0,5.13,-1.39,-1.59,3.58,华虹公司,5.8700000000000045,7.9185171345360414,142.09,108.8,212022.75923795006,4700,4,59.98017036417429,65.67026990895641,742699.7592379501,,,,-0.009961705364496698,1.4853995184759001,870022.7592379501,-0.14634444748493913,1069381.3013763486,2.1387626027526974
2025-11-21,688347,110.3,106.8,112.0,106.44,182542,1980961847.0,4.92,-5.41,-6.11,4.48,华虹公司,6.469999999999999,7.846091277809239,142.09,111.11,212022.75923795006,4700,4,59.98017036417429,65.67026990895641,713982.7592379501,,,,-0.03866569181261781,1.4279655184759001,870022.7592379501,-0.17935162999261645,1011512.9128243204,2.0230258256486406
2025-11-24,688347,108.0,104.14,108.5,100.68,256812,2661213985.0,7.32,-2.49,-2.66,6.3,华虹公司,7.819999999999993,7.844786713918777,142.09,106.44,718709.4091779501,0,0,,,718709.4091779501,全部卖出,107.94600000000001,跌破20日低点,0.006620117753326271,1.4374188183559002,870022.7592379501,-0.17391884114909228,986319.8009506061,1.9726396019012122
2025-11-25,688347,106.11,104.5,107.66,103.01,180904,1904197848.0,4.47,0.35,0.36,4.44,华虹公司,4.6499999999999915,7.685047378222837,142.09,100.68,718709.4091779501,0,0,,,718709.4091779501,,,,0.0,1.4374188183559002,870022.7592379501,-0.17391884114909228,989729.395038778,1.979458790077556
2025-11-26,688347,104.0,108.34,110.99,103.6,207992,2241976149.0,7.07,3.67,3.84,5.1,华虹公司,7.390000000000001,7.670295009311695,142.09,100.68,718709.4091779501,0,0,,,718709.4091779501,,,,0.0,1.4374188183559002,870022.7592379501,-0.17391884114909228,1026098.3986459447,2.0521967972918893
2025-11-27,688347,110.0,106.52,113.5,106.06,213632,2355061248.0,6.87,-1.68,-1.82,5.24,华虹公司,7.439999999999998,7.65878025884611,142.09,100.68,718709.4091779501,0,0,,,718709.4091779501,,,,0.0,1.4374188183559002,870022.7592379501,-0.17391884114909228,1008861.0063112979,2.017722012622596
2025-11-28,688347,106.59,108.5,110.69,105.4,145466,1571371061.0,4.97,1.86,1.98,3.57,华虹公司,5.289999999999992,7.540341245903804,142.09,100.68,718709.4091779501,0,0,,,718709.4091779501,,,,0.0,1.4374188183559002,870022.7592379501,-0.17391884114909228,1027613.7737962431,2.0552275475924864
2025-12-01,688347,107.69,108.86,109.37,106.21,125555,1352287409.0,2.91,0.33,0.36,3.08,华虹公司,3.160000000000011,7.321324183608613,142.09,100.68,718709.4091779501,0,0,,,718709.4091779501,,,,0.0,1.4374188183559002,870022.7592379501,-0.17391884114909228,1031023.367884415,2.06204673576883
2025-12-02,688347,108.0,106.18,108.0,105.58,95362,1013798891.0,2.22,-2.46,-2.68,2.34,华虹公司,3.280000000000001,7.119257974428182,142.09,100.68,718709.4091779501,0,0,,,718709.4091779501,,,,0.0,1.4374188183559002,870022.7592379501,-0.17391884114909228,1005640.8341169134,2.011281668233827
2025-12-03,688347,106.03,105.44,108.86,105.0,108871,1158734028.0,3.64,-0.7,-0.74,2.67,华虹公司,3.8599999999999994,6.956295075706772,142.09,100.68,718709.4091779501,0,0,,,718709.4091779501,,,,0.0,1.4374188183559002,870022.7592379501,-0.17391884114909228,998632.2240467824,1.9972644480935646
2025-12-04,688347,105.34,111.84,112.08,104.6,244824,2682156276.0,7.09,6.07,6.4,6.0,华虹公司,7.480000000000004,6.982480321921434,142.09,100.68,718709.4091779501,0,0,,,718709.4091779501,,,,0.0,1.4374188183559002,870022.7592379501,-0.17391884114909228,1059247.2300587266,2.118494460117453
2025-12-05,688347,110.56,109.48,111.25,106.06,184785,2008421760.0,4.64,-2.11,-2.36,4.53,华虹公司,5.780000000000001,6.922356305825362,142.09,100.68,718709.4091779501,0,0,,,718709.4091779501,,,,0.0,1.4374188183559002,870022.7592379501,-0.17391884114909228,1036895.4465918222,2.073790893183644
2025-12-08,688347,110.0,114.81,116.89,109.22,223472,2543108159.0,7.01,4.87,5.33,5.48,华虹公司,7.670000000000002,6.959738490534093,142.09,100.68,718709.4091779501,0,0,,,718709.4091779501,,,,0.0,1.4374188183559002,870022.7592379501,-0.17391884114909228,1087376.3812861445,2.174752762572289
2025-12-09,688347,113.0,112.82,114.56,111.36,159614,1802316142.0,2.79,-1.73,-1.99,3.91,华虹公司,3.450000000000003,6.784251566007389,142.09,100.68,718709.4091779501,0,0,,,718709.4091779501,,,,0.0,1.4374188183559002,870022.7592379501,-0.17391884114909228,1068528.9028543055,2.137057805708611
2025-12-10,688347,111.28,111.6,112.62,105.67,190681,2079641233.0,6.16,-1.08,-1.22,4.68,华虹公司,7.1499999999999915,6.802538987707019,142.09,100.68,718709.4091779501,0,0,,,718709.4091779501,,,,0.0,1.4374188183559002,870022.7592379501,-0.17391884114909228,1056974.1673332786,2.1139483346665573
2025-12-11,688347,112.0,107.06,112.4,106.7,135537,1472717537.0,5.11,-4.07,-4.54,3.32,华虹公司,5.700000000000003,6.747412038321667,142.09,100.68,718709.4091779501,0,0,,,718709.4091779501,,,,0.0,1.4374188183559002,870022.7592379501,-0.17391884114909228,1013975.3974435558,2.0279507948871114
2025-12-12,688347,105.68,105.72,107.5,97.81,393549,4011386657.0,9.05,-1.25,-1.34,9.65,华虹公司,9.689999999999998,6.894541436405583,142.09,100.68,718709.4091779501,0,0,,,718709.4091779501,,,,0.0,1.4374188183559002,870022.7592379501,-0.17391884114909228,1001284.1305598048,2.0025682611196096
2025-12-15,688347,102.0,100.5,104.6,100.28,190163,1939289108.0,4.09,-4.94,-5.22,4.66,华虹公司,5.439999999999998,6.821814364585304,142.09,97.81,718709.4091779501,0,0,,,718709.4091779501,,,,0.0,1.4374188183559002,870022.7592379501,-0.17391884114909228,951845.0162813128,1.9036900325626256
2025-12-16,688347,101.75,97.5,101.92,97.04,147000,1452538621.0,4.86,-2.99,-3.0,3.61,华虹公司,4.8799999999999955,6.724723646356038,142.09,97.81,718709.4091779501,0,0,,,718709.4091779501,,,,0.0,1.4374188183559002,870022.7592379501,-0.17391884114909228,923431.7322132138,1.8468634644264277
2025-12-17,688347,98.2,101.6,101.93,97.66,140781,1406158843.0,4.38,4.21,4.1,3.45,华虹公司,4.430000000000007,6.609987464038237,142.09,97.04,718709.4091779501,0,0,,,718709.4091779501,,,,0.0,1.4374188183559002,870022.7592379501,-0.17391884114909228,962263.2204396157,1.9245264408792313
2025-12-18,688347,100.9,99.88,103.5,99.73,103732,1051047803.0,3.71,-1.69,-1.72,2.54,华虹公司,3.769999999999996,6.467988090836324,142.09,97.04,718709.4091779501,0,0,,,718709.4091779501,,,,0.0,1.4374188183559002,870022.7592379501,-0.17391884114909228,945972.9375739056,1.891945875147811
2025-12-19,688347,101.0,100.09,102.89,99.08,99449,1001819803.0,3.81,0.21,0.21,2.44,华虹公司,3.8100000000000023,6.335088686294508,142.09,97.04,718709.4091779501,0,0,,,718709.4091779501,,,,0.0,1.4374188183559002,870022.7592379501,-0.17391884114909228,947961.8674586727,1.8959237349173454
2025-12-22,688347,101.1,104.58,106.57,101.1,182355,1895860652.0,5.47,4.49,4.49,4.47,华虹公司,6.47999999999999,6.342334251979782,142.09,97.04,718709.4091779501,0,0,,,718709.4091779501,,,,0.0,1.4374188183559002,870022.7592379501,-0.17391884114909228,990487.0826139273,1.9809741652278545
2025-12-23,688347,104.0,105.2,106.64,102.9,159953,1677298150.0,3.58,0.59,0.62,3.92,华虹公司,3.739999999999995,6.212217539380792,142.09,97.04,718709.4091779501,0,0,,,718709.4091779501,,,,0.0,1.4374188183559002,870022.7592379501,-0.17391884114909228,996359.1613213343,1.9927183226426686
2025-12-24,688347,107.58,110.1,110.49,106.41,236483,2569146551.0,3.88,4.66,4.9,5.8,华虹公司,5.289999999999992,6.166106662411752,142.09,97.04,718709.4091779501,0,0,,,718709.4091779501,,,,0.0,1.4374188183559002,870022.7592379501,-0.17391884114909228,1042767.5252992292,2.0855350505984585
2025-12-25,688347,109.33,109.72,112.25,107.8,156714,1720083833.0,4.04,-0.35,-0.38,3.84,华虹公司,4.450000000000003,6.0803013292911645,142.09,97.04,718709.4091779501,0,0,,,718709.4091779501,,,,0.0,1.4374188183559002,870022.7592379501,-0.17391884114909228,1039168.50931727,2.07833701863454
2025-12-26,688347,109.81,107.4,110.68,107.15,140236,1521173800.0,3.22,-2.11,-2.32,3.44,华虹公司,3.530000000000001,5.9527862628266055,142.09,97.04,718709.4091779501,0,0,,,718709.4091779501,,,,0.0,1.4374188183559002,870022.7592379501,-0.17391884114909228,1017195.5696379403,2.0343911392758804
2025-12-29,688347,106.88,108.0,113.0,106.88,144851,1591105575.0,5.7,0.56,0.6,3.55,华虹公司,6.1200000000000045,5.961146949685275,142.09,97.04,718709.4091779501,0,0,,,718709.4091779501,,,,0.0,1.4374188183559002,870022.7592379501,-0.17391884114909228,1022878.2264515599,2.04575645290312
2025-12-30,688347,108.66,109.9,112.66,107.06,215310,2366983348.0,5.19,1.76,1.9,5.28,华虹公司,5.599999999999994,5.9430896022010105,142.09,97.04,718709.4091779501,0,0,,,718709.4091779501,,,,0.0,1.4374188183559002,870022.7592379501,-0.17391884114909228,1040873.306361356,2.081746612722712
2025-12-31,688347,110.02,107.87,111.32,106.0,158629,1714869752.0,4.84,-1.85,-2.03,3.89,华虹公司,5.319999999999993,5.911935122090959,142.09,97.04,718709.4091779501,0,0,,,718709.4091779501,,,,0.0,1.4374188183559002,870022.7592379501,-0.17391884114909228,1021646.9841419423,2.043293968283885
2026-01-05,688347,112.6,116.49,117.92,111.7,312465,3592456400.0,5.77,7.99,8.62,7.66,华虹公司,10.049999999999997,6.118838365986411,142.09,97.04,718709.4091779501,0,0,,,718709.4091779501,,,,0.0,1.4374188183559002,870022.7592379501,-0.17391884114909228,1103287.82036428,2.20657564072856
2026-01-06,688347,116.0,119.87,123.52,114.39,289596,3465902438.0,7.84,2.9,3.38,7.1,华虹公司,9.129999999999995,6.2693964476870905,142.09,97.04,718709.4091779501,0,0,,,718709.4091779501,,,,0.0,1.4374188183559002,870022.7592379501,-0.17391884114909228,1135300.120414338,2.270600240828676
2026-01-07,688347,124.77,125.37,126.48,118.2,315765,3876935128.0,6.91,4.59,5.5,7.74,华虹公司,8.280000000000001,6.369926625302735,142.09,97.04,718709.4091779501,0,0,,,718709.4091779501,,,,0.0,1.4374188183559002,870022.7592379501,-0.17391884114909228,1187391.1412058526,2.3747822824117053
2026-01-08,688347,123.4,126.3,133.33,123.4,261781,3368811695.0,7.92,0.74,0.93,6.42,华虹公司,9.930000000000007,6.547930294037599,142.09,97.04,718709.4091779501,0,0,,,718709.4091779501,,,,0.0,1.4374188183559002,870022.7592379501,-0.17391884114909228,1196199.2592669632,2.3923985185339265
2026-01-09,688347,124.86,128.3,130.0,122.62,223562,2841571938.0,5.84,1.58,2.0,5.48,华虹公司,7.3799999999999955,6.589533779335718,142.09,97.04,718709.4091779501,0,0,,,718709.4091779501,,,,0.0,1.4374188183559002,870022.7592379501,-0.17391884114909228,1215141.448645696,2.430282897291392
2026-01-12,688347,129.01,126.79,130.33,124.3,229434,2889853573.0,4.7,-1.18,-1.51,5.63,华虹公司,6.030000000000015,6.561557090368932,142.09,97.04,718709.4091779501,0,0,,,718709.4091779501,,,,0.0,1.4374188183559002,870022.7592379501,-0.17391884114909228,1200840.0956647529,2.401680191329506
2026-01-13,688347,125.0,120.96,128.96,120.0,258694,3192055026.0,7.07,-4.6,-5.83,6.34,华虹公司,8.960000000000008,6.681479235850486,142.09,97.04,718709.4091779501,0,0,,,718709.4091779501,,,,0.0,1.4374188183559002,870022.7592379501,-0.17391884114909228,1145623.6136257472,2.2912472272514943
2026-01-14,688347,121.66,125.78,129.66,121.66,262855,3311325452.0,6.61,3.98,4.82,6.45,华虹公司,8.700000000000003,6.782405274057962,142.09,97.04,718709.4091779501,0,0,,,718709.4091779501,,,,0.0,1.4374188183559002,870022.7592379501,-0.17391884114909228,1191274.290028493,2.382548580056986
2026-01-15,688347,123.58,131.0,132.7,122.0,257961,3303838857.0,8.51,4.15,5.22,6.33,华虹公司,10.699999999999989,6.978285010355063,142.09,97.04,718709.4091779501,0,0,,,718709.4091779501,,,,0.0,1.4374188183559002,870022.7592379501,-0.17391884114909228,1240713.404306985,2.48142680861397
2026-01-16,688347,133.89,140.0,142.0,130.33,354387,4812390990.0,8.91,6.87,9.0,8.69,华虹公司,11.669999999999987,7.212870759837308,142.09,97.66,718709.4091779501,0,0,,,718709.4091779501,,,,0.0,1.4374188183559002,870022.7592379501,-0.17391884114909228,1325953.2565112815,2.651906513022563
2026-01-19,688347,139.48,135.08,139.48,134.19,199720,2721315432.0,3.78,-3.51,-4.92,4.9,华虹公司,5.810000000000002,7.142727221845442,142.0,99.08,718709.4091779501,0,0,,,718709.4091779501,,,,0.0,1.4374188183559002,870022.7592379501,-0.17391884114909228,1279355.4706395995,2.558710941279199
2026-01-20,688347,135.0,133.21,136.6,129.63,175664,2335696083.0,5.16,-1.38,-1.87,4.31,华虹公司,6.969999999999999,7.134090860753171,142.0,99.08,718709.4091779501,0,0,,,718709.4091779501,,,,0.0,1.4374188183559002,870022.7592379501,-0.17391884114909228,1261644.5235704845,2.523289047140969
2026-01-21,688347,131.0,139.52,141.82,130.81,210841,2911871694.0,8.27,4.74,6.31,5.17,华虹公司,11.009999999999991,7.327886317715511,142.0,101.1,718709.4091779501,0,0,,,718709.4091779501,,,,0.0,1.4374188183559002,870022.7592379501,-0.17391884114909228,1321407.1310603858,2.6428142621207718
2026-01-22,688347,142.0,140.58,147.0,138.19,189852,2681267042.0,6.31,0.76,1.06,4.66,华虹公司,8.810000000000002,7.401992001829735,142.0,102.9,718709.4091779501,0,0,,,718709.4091779501,,,,0.0,1.4374188183559002,870022.7592379501,-0.17391884114909228,1331446.491431114,2.662892982862228
2026-01-23,688347,139.04,139.76,140.12,134.04,171789,2357088430.0,4.32,-0.58,-0.82,4.21,华虹公司,6.5400000000000205,7.358892401738249,147.0,106.0,718709.4091779501,0,0,,,718709.4091779501,,,,0.0,1.4374188183559002,870022.7592379501,-0.17391884114909228,1323680.1937858337,2.647360387571667
2026-01-26,688347,137.48,142.85,145.85,137.1,185298,2632884457.0,6.26,2.21,3.09,4.54,华虹公司,8.75,7.428447781651336,147.0,106.0,718709.4091779501,0,0,,,718709.4091779501,,,,0.0,1.4374188183559002,870022.7592379501,-0.17391884114909228,1352945.8763759753,2.705891752751951
2026-01-27,688347,141.58,153.88,156.28,138.0,254849,3777934640.0,12.8,7.72,11.03,6.25,华虹公司,18.28,7.9710253925687695,147.0,106.0,718709.4091779501,0,0,,,718709.4091779501,,,,0.0,1.4374188183559002,870022.7592379501,-0.17391884114909228,1457412.0507996858,2.9148241015993714
2026-01-28,688347,154.0,163.0,166.5,154.0,309370,4939058545.0,8.12,5.93,9.12,7.59,华虹公司,12.620000000000005,8.203474122940332,156.28,106.0,657060.1199379502,400,1,138.13494921486244,158.0625126962844,722260.1199379502,首次买入,154.077,突破55日高点,0.00494039832324078,1.4445202398759003,870022.7592379501,-0.1698376711770445,1543788.4343667063,3.0875768687334126
2026-01-29,688347,160.62,154.52,162.0,153.75,220407,3474900808.0,5.06,-5.2,-8.48,5.41,华虹公司,9.25,8.255800416793315,166.5,106.0,592760.7119007502,800,2,144.29336175411933,164.80204706147018,716376.7119007502,加仓至2单位,160.70031,上涨0.5ATR加仓,-0.008145829839954932,1.4327534238015003,870022.7592379501,-0.17660003224717702,1463473.5514008803,2.9269471028017606
2026-01-30,688347,153.1,155.1,160.03,149.33,187155,2904735618.0,6.92,0.38,0.58,4.59,华虹公司,10.699999999999989,8.378010395953648,166.5,106.0,592760.7119007502,800,2,144.29336175411933,164.80204706147018,716840.7119007502,,,,0.0006477039137255947,1.4336814238015003,870022.7592379501,-0.17606671286550202,1468966.7863207127,2.9379335726414255
2026-02-02,688347,153.0,135.5,153.07,135.25,288178,4066918645.0,11.49,-12.64,-19.6,7.07,华虹公司,19.849999999999994,8.951609876155965,166.5,111.7,592760.7119007502,800,2,144.29336175411933,164.80204706147018,701160.7119007502,,,,-0.021873757641950098,1.4023214238015003,870022.7592379501,-0.1940892299014173,1283333.330409133,2.566666660818266
2026-02-03,688347,139.3,139.96,142.16,135.28,173734,2420216062.0,5.08,3.29,4.46,4.26,华虹公司,6.8799999999999955,8.848029382348166,166.5,114.39,704000.1923367502,0,0,,,704000.1923367502,全部卖出,139.23035000000002,2ATR动态止损,0.00404968559676222,1.4080003846735005,870022.7592379501,-0.19082554466347346,1325574.412723707,2.651148825447414
2026-02-04,688347,136.88,133.79,137.34,130.98,194808,2600598874.0,4.54,-4.41,-6.17,4.78,华虹公司,8.980000000000018,8.85462791323076,166.5,118.2,704000.1923367502,0,0,,,704000.1923367502,,,,0.0,1.4080003846735005,870022.7592379501,-0.19082554466347346,1267137.7584903168,2.5342755169806335
2026-02-05,688347,130.87,130.99,132.79,128.01,136403,1770850017.0,3.57,-2.09,-2.8,3.35,华虹公司,5.780000000000001,8.700896517569221,166.5,120.0,704000.1923367502,0,0,,,704000.1923367502,,,,0.0,1.4080003846735005,870022.7592379501,-0.19082554466347346,1240618.6933600912,2.4812373867201822
2026-02-06,688347,128.5,130.26,133.6,127.5,116750,1529129519.0,4.66,-0.56,-0.73,2.86,华虹公司,6.099999999999994,8.570851691690759,166.5,120.0,704000.1923367502,0,0,,,704000.1923367502,,,,0.0,1.4080003846735005,870022.7592379501,-0.19082554466347346,1233704.7942368537,2.4674095884737075
2026-02-09,688347,135.0,135.88,136.66,132.1,141336,1901585573.0,3.5,4.31,5.62,3.47,华虹公司,6.400000000000006,8.46230910710622,166.5,120.0,704000.1923367502,0,0,,,704000.1923367502,,,,0.0,1.4080003846735005,870022.7592379501,-0.19082554466347346,1286932.3463910923,2.5738646927821844
2026-02-10,688347,136.0,135.09,138.69,134.4,112069,1525733057.0,3.16,-0.58,-0.79,2.75,华虹公司,4.289999999999992,8.253693651750908,166.5,120.0,704000.1923367502,0,0,,,704000.1923367502,,,,0.0,1.4080003846735005,870022.7592379501,-0.19082554466347346,1279450.181586493,2.558900363172986
2026-02-11,688347,134.9,131.46,135.47,131.18,119866,1587242615.0,3.18,-2.69,-3.63,2.94,华虹公司,4.289999999999992,8.05550896916336,166.5,121.66,704000.1923367502,0,0,,,704000.1923367502,,,,0.0,1.4080003846735005,870022.7592379501,-0.19082554466347346,1245070.1078640935,2.490140215728187
2026-02-12,688347,133.0,129.5,134.24,128.87,127467,1667917459.0,4.08,-1.49,-1.96,3.13,华虹公司,5.3700000000000045,7.921233520705193,166.5,122.0,704000.1923367502,0,0,,,704000.1923367502,,,,0.0,1.4080003846735005,870022.7592379501,-0.19082554466347346,1226506.7622729354,2.4530135245458706
2026-02-13,688347,128.55,131.79,137.13,128.01,171393,2285365234.0,7.04,1.77,2.29,4.2,华虹公司,9.120000000000005,7.981171844669933,166.5,127.5,704000.1923367502,0,0,,,704000.1923367502,,,,0.0,1.4080003846735005,870022.7592379501,-0.19082554466347346,1248195.5691115842,2.4963911382231685
2026-02-24,688347,132.0,128.76,132.88,123.5,191155,2427772123.0,7.12,-2.3,-3.03,4.69,华虹公司,9.379999999999995,8.051113252436435,166.5,127.5,704000.1923367502,0,0,,,704000.1923367502,,,,0.0,1.4080003846735005,870022.7592379501,-0.19082554466347346,1219498.1522028043,2.4389963044056087
2026-02-25,688347,130.94,131.8,134.31,129.0,163483,2158217739.0,4.12,2.36,3.04,4.01,华虹公司,5.550000000000011,7.926057589814614,166.5,123.5,704000.1923367502,0,0,,,704000.1923367502,,,,0.0,1.4080003846735005,870022.7592379501,-0.19082554466347346,1248290.280058478,2.496580560116956
2026-02-26,688347,133.0,128.73,133.69,128.39,156009,2032419535.0,4.02,-2.33,-3.07,3.83,华虹公司,5.300000000000011,7.7947547103238835,166.5,123.5,704000.1923367502,0,0,,,704000.1923367502,,,,0.0,1.4080003846735005,870022.7592379501,-0.19082554466347346,1219214.0193621232,2.4384280387242465
2026-02-27,688347,126.48,126.78,127.85,125.13,130830,1654990208.0,2.11,-1.51,-1.95,3.21,华虹公司,3.5999999999999943,7.585016974807688,166.5,123.5,704000.1923367502,0,0,,,704000.1923367502,,,,0.0,1.4080003846735005,870022.7592379501,-0.19082554466347346,1200745.384717859,2.401490769435718
2026-03-02,688347,123.11,124.0,126.57,123.11,128209,1597450747.0,2.73,-2.19,-2.78,3.14,华虹公司,3.6700000000000017,7.389266126067304,166.5,123.5,704000.1923367502,0,0,,,704000.1923367502,,,,0.0,1.4080003846735005,870022.7592379501,-0.19082554466347346,1174415.7414814208,2.348831482962842
2026-03-03,688347,124.5,115.3,125.16,114.71,169876,2011716115.0,8.43,-7.02,-8.7,4.17,华虹公司,10.450000000000003,7.542302819763939,166.5,123.11,704000.1923367502,0,0,,,704000.1923367502,,,,0.0,1.4080003846735005,870022.7592379501,-0.19082554466347346,1092017.217683934,2.184034435367868
2026-03-04,688347,113.73,114.7,117.8,113.06,178168,2047264872.0,4.11,-0.52,-0.6,4.37,华虹公司,4.739999999999995,7.402187678775742,166.5,114.71,704000.1923367502,0,0,,,704000.1923367502,,,,0.0,1.4080003846735005,870022.7592379501,-0.19082554466347346,1086334.5608703142,2.1726691217406287
2026-03-05,688347,117.35,116.18,118.8,114.98,132083,1545985480.0,3.33,1.29,1.48,3.24,华虹公司,4.099999999999994,7.237078294836954,166.5,113.06,704000.1923367502,0,0,,,704000.1923367502,,,,0.0,1.4080003846735005,870022.7592379501,-0.19082554466347346,1100351.7810105765,2.200703562021153
2026-03-06,688347,115.22,117.79,119.49,115.01,121858,1432179750.0,3.86,1.39,1.61,2.99,华虹公司,4.47999999999999,7.099224380095105,166.5,113.06,704000.1923367502,0,0,,,704000.1923367502,,,,0.0,1.4080003846735005,870022.7592379501,-0.19082554466347346,1115600.2434604561,2.2312004869209123
2026-03-09,688347,112.4,114.71,115.3,110.11,139810,1580619266.0,4.41,-2.61,-3.08,3.43,华虹公司,7.680000000000007,7.1282631610903495,166.5,113.06,704000.1923367502,0,0,,,704000.1923367502,,,,0.0,1.4080003846735005,870022.7592379501,-0.19082554466347346,1086429.2718172078,2.1728585436344154
2026-03-10,688347,118.05,118.46,119.21,115.43,144050,1692650864.0,3.3,3.27,3.75,3.53,华虹公司,4.5,6.996850003035831,166.5,110.11,704000.1923367502,0,0,,,704000.1923367502,,,,0.0,1.4080003846735005,870022.7592379501,-0.19082554466347346,1121945.8769023314,2.2438917538046628
2026-03-11,688347,120.33,123.75,128.88,120.3,256449,3209874859.0,7.24,4.47,5.29,6.29,华虹公司,10.420000000000002,7.1680075028840395,166.5,110.11,704000.1923367502,0,0,,,704000.1923367502,,,,0.0,1.4080003846735005,870022.7592379501,-0.19082554466347346,1172047.9678090792,2.3440959356181583
2026-03-12,688347,122.99,126.6,130.66,122.5,203030,2573654544.0,6.59,2.3,2.85,4.98,华虹公司,8.159999999999997,7.2176071277398375,166.5,110.11,704000.1923367502,0,0,,,704000.1923367502,,,,0.0,1.4080003846735005,870022.7592379501,-0.19082554466347346,1199040.587673773,2.398081175347546
2026-03-13,688347,124.77,119.12,125.0,118.23,180310,2169666246.0,5.35,-5.91,-7.48,4.42,华虹公司,8.36999999999999,7.275226771352846,166.5,110.11,704000.1923367502,0,0,,,704000.1923367502,,,,0.0,1.4080003846735005,870022.7592379501,-0.19082554466347346,1128196.7993973133,2.2563935987946264
2026-03-16,688347,118.8,133.65,139.33,116.5,379953,4903906613.0,19.17,12.2,14.53,9.32,华虹公司,22.830000000000013,8.052965432785204,166.5,110.11,704000.1923367502,0,0,,,704000.1923367502,,,,0.0,1.4080003846735005,870022.7592379501,-0.19082554466347346,1265811.8052338057,2.5316236104676113
2026-03-17,688347,129.99,126.78,132.39,125.25,292166,3744731248.0,5.34,-5.14,-6.87,7.17,华虹公司,8.400000000000006,8.070317161145944,166.5,110.11,704000.1923367502,0,0,,,704000.1923367502,,,,0.0,1.4080003846735005,870022.7592379501,-0.19082554466347346,1200745.384717859,2.401490769435718
2026-03-18,688347,129.0,127.6,129.78,123.0,221678,2801846486.0,5.35,0.65,0.82,5.44,华虹公司,6.780000000000001,8.005801303088646,166.5,110.11,704000.1923367502,0,0,,,704000.1923367502,,,,0.0,1.4080003846735005,870022.7592379501,-0.19082554466347346,1208511.6823631395,2.417023364726279
2026-03-19,688347,123.0,120.9,123.9,119.53,206234,2496983246.0,3.42,-5.25,-6.7,5.06,华虹公司,8.069999999999993,8.009011237934212,166.5,110.11,704000.1923367502,0,0,,,704000.1923367502,,,,0.0,1.4080003846735005,870022.7592379501,-0.19082554466347346,1145055.3479443854,2.290110695888771
2026-03-20,688347,122.83,116.0,123.32,115.91,172399,2051821380.0,6.13,-4.05,-4.9,4.23,华虹公司,7.409999999999997,7.979060676037501,166.5,110.11,704000.1923367502,0,0,,,704000.1923367502,,,,0.0,1.4080003846735005,870022.7592379501,-0.19082554466347346,1098646.9839664905,2.197293967932981
2026-03-23,688347,113.0,109.68,114.8,108.5,174169,1937780638.0,5.43,-5.45,-6.32,4.27,华虹公司,7.5,7.9551076422356255,166.5,110.11,704000.1923367502,0,0,,,704000.1923367502,,,,0.0,1.4080003846735005,870022.7592379501,-0.19082554466347346,1038789.6655296953,2.0775793310593906
2026-03-24,688347,112.01,114.25,114.49,107.14,166980,1854401732.0,6.7,4.17,4.57,4.1,华虹公司,7.349999999999994,7.924852260123844,166.5,108.5,704000.1923367502,0,0,,,704000.1923367502,,,,0.0,1.4080003846735005,870022.7592379501,-0.19082554466347346,1082072.5682600995,2.164145136520199
2026-03-25,688347,114.53,116.84,118.5,114.53,158258,1851082840.0,3.47,2.27,2.59,3.88,华虹公司,4.25,7.741109647117652,166.5,107.14,704000.1923367502,0,0,,,704000.1923367502,,,,0.0,1.4080003846735005,870022.7592379501,-0.19082554466347346,1106602.7035055582,2.2132054070111162
2026-03-26,688347,116.4,111.58,116.84,110.86,134219,1520498765.0,5.12,-4.5,-5.26,3.29,华虹公司,5.980000000000004,7.65305416476177,166.5,107.14,704000.1923367502,0,0,,,704000.1923367502,,,,0.0,1.4080003846735005,870022.7592379501,-0.19082554466347346,1056784.7454394915,2.113569490878983
2026-03-27,688347,109.03,112.59,114.75,107.91,124082,1378292830.0,6.13,0.91,1.01,3.04,华虹公司,6.840000000000003,7.612401456523681,166.5,107.14,704000.1923367502,0,0,,,704000.1923367502,,,,0.0,1.4080003846735005,870022.7592379501,-0.19082554466347346,1066350.5510757514,2.1327011021515028
2026-03-30,688347,110.38,110.8,111.77,107.86,113525,1245524851.0,3.47,-1.59,-1.79,2.78,华虹公司,4.730000000000004,7.468281383697497,166.5,107.14,704000.1923367502,0,0,,,704000.1923367502,,,,0.0,1.4080003846735005,870022.7592379501,-0.19082554466347346,1049397.2915817855,2.098794583163571
2026-03-31,688347,110.8,105.9,110.8,105.55,129831,1396713392.0,4.74,-4.42,-4.9,3.18,华虹公司,5.25,7.357367314512622,166.5,107.14,704000.1923367502,0,0,,,704000.1923367502,,,,0.0,1.4080003846735005,870022.7592379501,-0.19082554466347346,1002988.9276038909,2.0059778552077816
2026-04-01,688347,110.0,113.95,114.55,108.5,182023,2031261911.0,5.71,7.6,8.05,4.46,华虹公司,8.649999999999991,7.421998948786991,166.5,105.55,704000.1923367502,0,0,,,704000.1923367502,,,,0.0,1.4080003846735005,870022.7592379501,-0.19082554466347346,1079231.2398532894,2.158462479706579
2026-04-02,688347,112.01,108.99,113.0,108.02,104377,1150479578.0,4.37,-4.35,-4.96,2.56,华虹公司,5.930000000000007,7.3473990013476405,166.5,105.55,704000.1923367502,0,0,,,704000.1923367502,,,,0.0,1.4080003846735005,870022.7592379501,-0.19082554466347346,1032254.6101940325,2.0645092203880653
2026-04-03,688347,110.06,107.41,110.87,107.2,78214,851590937.0,3.37,-1.45,-1.58,1.92,华虹公司,3.6700000000000017,7.163529051280259,166.5,105.55,704000.1923367502,0,0,,,704000.1923367502,,,,0.0,1.4080003846735005,870022.7592379501,-0.19082554466347346,1017290.2805848338,2.0345805611696677
2026-04-07,688347,108.0,111.51,113.37,107.98,136334,1513582094.0,5.02,3.82,4.1,3.34,华虹公司,5.960000000000008,7.103352598716246,166.5,105.55,704000.1923367502,0,0,,,704000.1923367502,,,,0.0,1.4080003846735005,870022.7592379501,-0.19082554466347346,1056121.768811236,2.1122435376224717
2026-04-08,688347,117.0,120.28,120.97,116.51,194827,2314319544.0,4.0,7.86,8.77,4.78,华虹公司,9.459999999999994,7.221184968780433,166.5,105.55,704000.1923367502,0,0,,,704000.1923367502,,,,0.0,1.4080003846735005,870022.7592379501,-0.19082554466347346,1139183.2692369781,2.278366538473956
2026-04-09,688347,118.0,119.62,122.55,116.39,135090,1619234968.0,5.12,-0.55,-0.66,3.31,华虹公司,6.159999999999997,7.16812572034141,166.5,105.55,704000.1923367502,0,0,,,704000.1923367502,,,,0.0,1.4080003846735005,870022.7592379501,-0.19082554466347346,1132932.3467419965,2.265864693483993
2026-04-10,688347,122.1,121.61,123.44,120.84,147403,1799148082.0,2.17,1.66,1.99,3.62,华虹公司,3.819999999999993,7.000719434324339,166.5,105.55,704000.1923367502,0,0,,,704000.1923367502,,,,0.0,1.4080003846735005,870022.7592379501,-0.19082554466347346,1151779.8251738353,2.3035596503476707
2026-04-13,688347,120.36,119.02,124.0,118.9,141730,1713236735.0,4.19,-2.13,-2.59,3.48,华虹公司,5.099999999999994,6.905683462608122,166.5,105.55,704000.1923367502,0,0,,,704000.1923367502,,,,0.0,1.4080003846735005,870022.7592379501,-0.19082554466347346,1127249.6899283766,2.254499379856753
2026-04-14,688347,121.89,122.57,124.85,121.05,153373,1889851048.0,3.19,2.98,3.55,3.76,华虹公司,5.829999999999998,6.851899289477716,166.5,105.55,704000.1923367502,0,0,,,704000.1923367502,,,,0.0,1.4080003846735005,870022.7592379501,-0.19082554466347346,1160872.076075627,2.321744152151254
2026-04-15,688347,123.0,123.34,129.5,122.81,207490,2611945028.0,5.46,0.63,0.77,5.09,华虹公司,6.930000000000007,6.855804325003831,166.5,105.55,704000.1923367502,0,0,,,704000.1923367502,,,,0.0,1.4080003846735005,870022.7592379501,-0.19082554466347346,1168164.8189864391,2.336329637972878
2026-04-16,688347,123.56,125.13,127.53,122.3,142880,1782442986.0,4.24,1.45,1.79,3.5,华虹公司,5.230000000000004,6.774514108753639,166.5,105.55,704000.1923367502,0,0,,,704000.1923367502,,,,0.0,1.4080003846735005,870022.7592379501,-0.19082554466347346,1185118.0784804046,2.370236156960809
2026-04-17,688347,123.55,124.61,127.99,122.55,125434,1567159230.0,4.35,-0.42,-0.52,3.08,华虹公司,5.439999999999998,6.7077884033159565,166.5,105.55,704000.1923367502,0,0,,,704000.1923367502,,,,0.0,1.4080003846735005,870022.7592379501,-0.19082554466347346,1180193.1092419343,2.3603862184838684
2026-04-20,688347,126.44,130.75,130.8,125.0,194211,2503205140.0,4.65,4.93,6.14,4.76,华虹公司,6.190000000000012,6.681898983150159,166.5,105.55,704000.1923367502,0,0,,,704000.1923367502,,,,0.0,1.4080003846735005,870022.7592379501,-0.19082554466347346,1238345.6306346434,2.476691261269287
2026-04-21,688347,129.49,128.56,129.59,125.6,143888,1838265240.0,3.05,-1.67,-2.19,3.53,华虹公司,5.150000000000006,6.605304033992651,166.5,105.55,704000.1923367502,0,0,,,704000.1923367502,,,,0.0,1.4080003846735005,870022.7592379501,-0.19082554466347346,1217603.9332649312,2.435207866529862
2026-04-22,688347,127.08,129.34,130.0,126.59,148907,1906551253.0,2.65,0.61,0.78,3.65,华虹公司,3.4099999999999966,6.445538832293018,166.5,105.55,704000.1923367502,0,0,,,704000.1923367502,,,,0.0,1.4080003846735005,870022.7592379501,-0.19082554466347346,1224991.387122637,2.449982774245274
2026-04-23,688347,131.0,123.59,131.2,122.23,181946,2278915385.0,6.94,-4.45,-5.75,4.46,华虹公司,8.969999999999985,6.571761890678365,166.5,105.55,704000.1923367502,0,0,,,704000.1923367502,,,,0.0,1.4080003846735005,870022.7592379501,-0.19082554466347346,1170532.5926587807,2.3410651853175617
2026-04-24,688347,123.18,138.8,141.8,120.36,447032,5964254338.0,17.35,12.31,15.21,10.96,华虹公司,21.440000000000012,7.315173796144448,166.5,105.55,704000.1923367502,0,0,,,704000.1923367502,,,,0.0,1.4080003846735005,870022.7592379501,-0.19082554466347346,1314587.9428840422,2.6291758857680843
2026-04-27,688347,138.0,143.1,144.54,137.07,312971,4435652618.0,5.38,3.1,4.3,7.68,华虹公司,7.469999999999999,7.322915106337225,162.0,105.55,704000.1923367502,0,0,,,704000.1923367502,,,,0.0,1.4080003846735005,870022.7592379501,-0.19082554466347346,1355313.650048317,2.710627300096634
2026-04-28,688347,141.42,138.08,143.68,137.18,206908,2902200486.0,4.54,-3.51,-5.02,5.07,华虹公司,6.5,7.281769351020364,160.03,105.55,704000.1923367502,0,0,,,704000.1923367502,,,,0.0,1.4080003846735005,870022.7592379501,-0.19082554466347346,1307768.7547076985,2.6155375094153968
2026-04-29,688347,135.01,132.16,136.81,126.04,294620,3854433795.0,7.8,-4.29,-5.92,7.23,华虹公司,12.040000000000006,7.519680883469346,153.07,105.55,704000.1923367502,0,0,,,704000.1923367502,,,,0.0,1.4080003846735005,870022.7592379501,-0.19082554466347346,1251699.8741466498,2.5033997482932997
2026-04-30,688347,133.0,141.0,142.0,130.0,367902,5016614590.0,9.08,6.69,8.84,9.02,华虹公司,12.0,7.743696839295879,144.54,107.2,704000.1923367502,0,0,,,704000.1923367502,,,,0.0,1.4080003846735005,870022.7592379501,-0.19082554466347346,1335424.351200648,2.6708487024012957
2026-05-06,688347,145.01,152.0,158.65,145.0,381166,5792069740.0,9.68,7.8,11.0,9.35,华虹公司,17.650000000000006,8.239011997331085,144.54,107.2,704000.1923367502,0,0,,,704000.1923367502,,,,0.0,1.4080003846735005,870022.7592379501,-0.19082554466347346,1439606.3927836772,2.8792127855673546
2026-05-07,688347,154.7,165.92,169.98,149.88,348686,5574408187.0,13.22,9.16,13.92,8.55,华虹公司,20.099999999999994,8.83206139746453,158.65,107.2,642070.6790547502,400,1,138.2993260053378,158.89685599866553,708438.6790547502,首次买入,154.77734999999998,突破55日高点,0.00630466691105247,1.4168773581095004,870022.7592379501,-0.1857239692496444,1571444.030859656,3.142888061719312
2026-05-08,688347,160.46,158.96,162.0,153.87,314120,4959821976.0,4.9,-4.19,-6.96,7.7,华虹公司,12.049999999999983,8.992958327591303,169.98,107.98,593894.1614340502,700,2,142.87610720507095,164.95626069873228,705166.1614340502,加仓至2单位,160.54023,上涨0.5ATR加仓,-0.004619337872780349,1.4103323228681004,870022.7592379501,-0.1894853853573868,1505525.2118216667,3.0110504236433333
2026-05-11,688347,165.0,164.41,169.18,162.2,275012,4543361673.0,4.39,3.43,5.45,6.74,华虹公司,10.219999999999999,9.054310411211738,169.98,116.39,593894.1614340502,700,2,142.87610720507095,164.95626069873228,708981.1614340502,,,,0.005410072417884715,1.4179623228681004,870022.7592379501,-0.18510044259641634,1557142.6778787128,3.1142853557574255
2026-05-12,688347,163.76,160.66,165.59,158.0,237340,3818844693.0,4.62,-2.28,-3.75,5.82,华虹公司,7.590000000000003,8.98109489065115,169.98,116.39,593894.1614340502,700,2,142.87610720507095,164.95626069873228,706356.1614340502,,,,-0.0037024961208989016,1.4127123228681004,870022.7592379501,-0.18811760504662534,1521626.0727935892,3.0432521455871786
2026-05-13,688347,158.1,160.62,161.31,153.8,222080,3507223473.0,4.67,-0.02,-0.04,5.45,华虹公司,7.509999999999991,8.90754014611859,169.98,118.9,593894.1614340502,700,2,142.87610720507095,164.95626069873228,706328.1614340502,,,,-3.964005912138191e-05,1.4126563228681004,870022.7592379501,-0.18814978811276095,1521247.2290060145,3.0424944580120292
2026-05-14,688347,163.27,157.86,164.0,154.5,200540,3186987129.0,5.91,-1.72,-2.76,4.92,华虹公司,9.5,8.93716313881266,169.98,118.9,593894.1614340502,700,2,142.87610720507095,164.95626069873228,704396.1614340502,,,,-0.00273527250573935,1.4087923228681003,870022.7592379501,-0.1903704196761148,1495107.0076633638,2.990214015326728
2026-05-15,688347,162.0,150.09,168.66,147.71,431421,6663024535.0,13.27,-4.92,-7.77,10.58,华虹公司,20.94999999999999,9.537804981872025,169.98,120.36,593894.1614340502,700,2,142.87610720507095,164.95626069873228,698957.1614340502,,,,-0.007721507154336282,1.3979143228681004,870022.7592379501,-0.19662198027294786,1421516.6019269875,2.843033203853975
2026-05-18,688347,148.91,147.8,154.17,146.18,248058,3709960224.0,5.32,-1.53,-2.29,6.08,华虹公司,7.989999999999981,9.460414732778423,169.98,120.36,593894.1614340502,700,2,142.87610720507095,164.95626069873228,697354.1614340502,,,,-0.0022934166619182905,1.3947083228681003,870022.7592379501,-0.19846446080920888,1399827.7950883387,2.7996555901766773
2026-05-19,688347,146.5,149.74,150.5,140.0,265914,3851630743.0,7.1,1.31,1.94,6.52,华虹公司,10.5,9.512393996139501,169.98,120.36,593894.1614340502,700,2,142.87610720507095,164.95626069873228,698712.1614340502,,,,0.0019473605738686839,1.3974243228681005,870022.7592379501,-0.19690358210163406,1418201.7187857095,2.836403437571419
2026-05-20,688347,148.2,177.8,178.8,147.5,544144,9023039898.0,20.9,18.74,28.06,13.35,华虹公司,31.30000000000001,10.601774296332527,169.98,120.36,593894.1614340502,700,2,142.87610720507095,164.95626069873228,718354.1614340502,,,,0.028111719079980446,1.4367083228681004,870022.7592379501,-0.17432716120753655,1683960.6357693276,3.367921271538655
2026-05-21,688347,177.72,169.0,185.0,166.96,431729,7604886909.0,10.15,-4.95,-8.8,10.59,华虹公司,18.039999999999992,10.9736855815159,178.8,120.36,540535.5006366502,1000,3,156.60531140733494,183.10974714816624,709535.5006366502,加仓至3单位,177.80885999999998,上涨0.5ATR加仓,-0.012276202005700454,1.4190710012733005,870022.7592379501,-0.18446328776717302,1600615.002502904,3.201230005005808
2026-05-22,688347,169.0,179.0,182.54,163.66,398938,6931875446.0,11.17,5.92,10.0,9.78,华虹公司,18.879999999999995,11.369001302440104,185.0,120.36,540535.5006366502,1000,3,156.60531140733494,183.10974714816624,719535.5006366502,,,,0.014093727503454279,1.4390710012733006,870022.7592379501,-0.17296933557590044,1695325.9493965672,3.3906518987931342
2026-05-25,688347,183.0,214.8,214.8,179.0,501922,9976682127.0,20.0,20.0,35.8,12.31,华虹公司,35.80000000000001,12.590551237318099,185.0,120.36,540535.5006366502,1000,3,156.60531140733494,183.10974714816624,755335.5006366502,,,,0.04975432062535323,1.5106710012733005,870022.7592379501,-0.13182098673114484,2034391.1392758805,4.068782278551761
2026-05-26,688347,214.8,222.42,228.88,209.99,525254,11400361219.0,8.79,3.55,7.62,12.88,华虹公司,18.889999999999986,12.905523675452192,214.8,120.36,497541.12619265023,1200,4,189.7262975253638,221.20267561865904,764445.1261926503,加仓至4单位,214.9074,上涨0.5ATR加仓,0.01206036992610815,1.5288902523853005,870022.7592379501,-0.12135042666903895,2106560.8808088517,4.213121761617703
2026-05-27,688347,217.98,215.61,230.5,214.57,406616,8992329509.0,7.16,-3.06,-6.81,9.97,华虹公司,15.930000000000007,13.056747491679582,228.88,120.36,497541.12619265023,1200,4,189.7262975253638,221.20267561865904,756273.1261926503,,,,-0.010690106745399719,1.5125462523853006,870022.7592379501,-0.1307432843997468,2042062.7259742673,4.084125451948535
2026-05-28,688347,217.7,249.65,258.0,217.7,436241,10546802605.0,18.69,15.79,34.04,10.7,华虹公司,42.389999999999986,14.523410117095603,230.5,126.04,497541.12619265023,1200,4,189.7262975253638,221.20267561865904,797121.1261926503,,,,0.054012232598616094,1.5942422523853006,870022.7592379501,-0.08379278848883687,2364458.789200296,4.728917578400592
2026-05-29,688347,250.36,236.68,252.83,232.3,392213,9467822392.0,8.22,-5.2,-12.97,9.62,华虹公司,20.53,14.823739611240823,258.0,126.04,497541.12619265023,1200,4,189.7262975253638,221.20267561865904,781557.1261926503,,,,-0.019525263461952824,1.5631142523853006,870022.7592379501,-0.10168197567933346,2241618.691079215,4.48323738215843
2026-06-01,688347,241.41,222.9,245.88,217.97,414451,9455904418.0,11.79,-5.82,-13.78,10.16,华虹公司,27.909999999999997,15.478052630678782,258.0,126.04,497541.12619265023,1200,4,189.7262975253638,221.20267561865904,765021.1261926503,,,,-0.02115776242813494,1.5300422523853006,870022.7592379501,-0.1206883750228217,2111107.006259748,4.222214012519496
2026-06-02,688347,225.0,226.5,234.37,220.0,290079,6569373164.0,6.45,1.62,3.6,7.11,华虹公司,14.370000000000005,15.422649999144843,258.0,130.0,497541.12619265023,1200,4,189.7262975253638,221.20267561865904,769341.1261926503,,,,0.00564690287900893,1.5386822523853005,870022.7592379501,-0.11572298767619194,2145202.947141466,4.290405894282932
2026-06-03,688347,226.3,233.24,246.33,221.58,310971,7338481576.0,10.93,2.98,6.74,7.63,华虹公司,24.75,15.8890174991876,258.0,140.0,497541.12619265023,1200,4,189.7262975253638,221.20267561865904,777429.1261926503,,,,0.010512891777963551,1.5548582523853005,870022.7592379501,-0.1064266791438907,2209038.125347795,4.41807625069559
2026-06-04,688347,227.36,244.0,253.3,225.1,286959,6962694096.0,12.09,4.61,10.76,7.04,华虹公司,28.200000000000017,16.50456662422822,258.0,140.0,497541.12619265023,1200,4,189.7262975253638,221.20267561865904,790341.1261926503,,,,0.016608587927795737,1.5806822523853006,870022.7592379501,-0.09158568807451961,2310947.1042053765,4.621894208410753
2026-06-05,688347,234.01,227.0,247.5,224.0,312402,7313810249.0,9.63,-6.97,-17.0,7.66,华虹公司,23.5,16.85433829301681,258.0,140.0,497541.12619265023,1200,4,189.7262975253638,221.20267561865904,769941.1261926503,,,,-0.02581163920733054,1.5398822523853006,870022.7592379501,-0.11503335054471553,2149938.4944861494,4.299876988972299
2026-06-08,688347,207.66,213.8,222.5,207.66,237449,5157070554.0,6.54,-5.81,-13.2,5.82,华虹公司,19.340000000000003,16.97862137836597,258.0,140.0,497541.12619265023,1200,4,189.7262975253638,221.20267561865904,754101.1261926503,,,,-0.02057300157263786,1.5082022523853005,870022.7592379501,-0.13323977081569127,2024920.0445865144,4.049840089173029
2026-06-09,688347,220.11,227.4,231.38,210.74,267099,5897664177.0,9.65,6.36,13.6,6.55,华虹公司,20.639999999999986,17.161690309447668,258.0,140.0,497541.12619265023,1200,4,189.7262975253638,221.20267561865904,770421.1261926503,,,,0.021641659763057763,1.5408422523853005,870022.7592379501,-0.1144816408395345,2153726.932361896,4.307453864723792
2026-06-10,688347,226.03,221.81,238.5,220.0,240877,5488311886.0,8.14,-2.46,-5.59,5.91,华虹公司,18.5,17.228605793975284,258.0,140.0,497541.12619265023,1200,4,189.7262975253638,221.20267561865904,763713.1261926503,,,,-0.008706926344491994,1.5274262523853006,870022.7592379501,-0.12219178396944008,2100783.5130483382,4.201567026096677
2026-06-11,688347,223.13,221.35,228.5,213.0,213937,4715220753.0,6.99,-0.21,-0.46,5.25,华虹公司,15.5,17.142175504276516,258.0,140.0,497541.12619265023,1200,4,189.7262975253638,221.20267561865904,763161.1261926503,,,,-0.0007227844868293865,1.5263222523853006,870022.7592379501,-0.12282625013039838,2096426.8094912297,4.1928536189824595
2026-06-12,688347,235.35,218.37,238.88,218.18,350611,7914971959.0,9.35,-1.35,-2.98,8.6,华虹公司,20.69999999999999,17.320066729062688,258.0,140.0,497541.12619265023,1200,4,189.7262975253638,221.20267561865904,759585.1261926503,,,,-0.00468577326237829,1.5191702523853006,870022.7592379501,-0.12693648743399744,2068202.9473169183,4.136405894633836
2026-06-15,688347,220.0,238.28,243.31,215.5,277267,6438826686.0,12.74,9.12,19.91,6.8,华虹公司,27.810000000000002,17.84456339260955,258.0,140.0,497541.12619265023,1200,4,189.7262975253638,221.20267561865904,783477.1261926503,,,,0.0314540124288063,1.5669542523853006,870022.7592379501,-0.09947513685860909,2256772.442582201,4.513544885164403
2026-06-16,688347,238.28,238.5,244.22,232.6,220470,5271254077.0,4.88,0.09,0.22,5.41,华虹公司,11.620000000000005,17.533335222979073,258.0,140.0,497541.12619265023,1200,4,189.7262975253638,221.20267561865904,783741.1261926503,,,,0.00033695942252065514,1.5674822523853005,870022.7592379501,-0.09917169652075952,2258856.0834138617,4.517712166827724
2026-06-17,688347,232.0,260.7,261.2,229.7,281703,6999109433.0,13.21,9.31,22.2,6.91,华虹公司,31.5,18.231668461830118,258.0,147.5,497541.12619265023,1200,4,189.7262975253638,221.20267561865904,810381.1261926503,,,,0.033990815474256086,1.6207622523853007,870022.7592379501,-0.06855180788320947,2469114.3855177932,4.938228771035586
2026-06-18,688347,258.0,277.81,293.1,255.0,264871,7255897707.0,14.61,6.56,17.11,6.5,华虹公司,38.10000000000002,19.225085038738612,261.2,163.66,497541.12619265023,1200,4,189.7262975253638,221.20267561865904,830913.1261926503,,,,0.02533622679055214,1.6618262523853007,870022.7592379501,-0.04495242524408882,2631164.815652851,5.262329631305702
2026-06-22,688347,280.02,280.0,285.97,264.53,256794,7087314404.0,7.72,0.79,2.19,6.3,华虹公司,21.440000000000055,19.335830786801683,293.1,163.66,497541.12619265023,1200,4,189.7262975253638,221.20267561865904,833541.1261926503,,,,0.0031627855153062434,1.6670822523853006,870022.7592379501,-0.04193181460822237,2651906.513022563,5.303813026045126
2026-06-23,688347,278.0,292.08,302.0,272.4,252819,7322917425.0,10.57,4.31,12.08,6.2,华虹公司,29.600000000000023,19.849039247461597,293.1,179.0,497541.12619265023,1200,4,189.7262975253638,221.20267561865904,848037.1261926503,,,,0.017390863563281123,1.6960742523853005,870022.7592379501,-0.025270181511753753,2766317.336870108,5.5326346737402154
2026-06-24,688347,285.5,316.01,326.76,284.0,284595,8803641181.0,14.64,8.19,23.93,6.98,华虹公司,42.75999999999999,20.994587285088514,302.0,207.66,497541.12619265023,1200,4,189.7262975253638,221.20267561865904,876753.1261926503,,,,0.03386172505079288,1.7535062523853007,876753.1261926503,0.0,2992960.632786643,5.985921265573286
2026-06-25,688347,315.0,330.36,336.0,308.2,248068,8076831854.0,8.8,4.54,14.35,6.08,华虹公司,27.80000000000001,21.33485792083409,326.76,207.66,497541.12619265023,1200,4,189.7262975253638,221.20267561865904,893973.1261926503,,,,0.0196406485309939,1.7879462523853007,893973.1261926503,0.0,3128870.84157905,6.2577416831581
2026-06-26,688347,320.0,323.0,337.96,310.8,222702,7197583824.0,8.22,-2.23,-7.36,5.46,华虹公司,27.159999999999968,21.626115024792384,336.0,207.66,497541.12619265023,1200,4,189.7262975253638,221.20267561865904,885141.1261926503,,,,-0.009879491610239599,1.7702822523853006,893973.1261926503,-0.009879491610239599,3059163.584665314,6.118327169330628
2026-06-29,688347,321.98,339.14,346.3,320.0,230884,7710653410.0,8.14,5.0,16.14,5.66,华虹公司,26.30000000000001,21.859809273552766,337.96,207.66,497541.12619265023,1200,4,189.7262975253638,221.20267561865904,904509.1261926503,,,,0.021881256476365074,1.8090182523853007,904509.1261926503,0.0,3212027.0529516856,6.424054105903371
2026-06-30,688347,335.0,336.3,347.8,329.19,194819,6615716544.0,5.49,-0.84,-2.84,4.78,华虹公司,18.610000000000014,21.697318809875128,346.3,207.66,497541.12619265023,1200,4,189.7262975253638,221.20267561865904,901101.1261926503,,,,-0.0037677895129099026,1.8022022523853005,904509.1261926503,-0.0037677895129099026,3185129.1440338856,6.370258288067771
2026-07-01,688347,340.0,315.61,345.08,312.6,258701,8463271586.0,9.66,-6.15,-20.69,6.34,华虹公司,32.47999999999996,22.23645286938137,347.8,207.66,497541.12619265023,1200,4,189.7262975253638,221.20267561865904,876273.1261926503,,,,-0.027552956353415925,1.7525462523853006,904509.1261926503,-0.031216932126327812,2989172.194910897,5.978344389821794
2026-07-02,688347,300.0,284.5,309.0,281.71,275899,8113561802.0,8.65,-9.86,-31.11,6.77,华虹公司,33.900000000000034,22.819630225912306,347.8,207.66,497541.12619265023,1200,4,189.7262975253638,221.20267561865904,838941.1261926503,,,,-0.042603155208245536,1.6778822523853005,904509.1261926503,-0.0724901475300701,2694526.4391247113,5.389052878249423
2026-07-03,688347,288.0,285.0,300.54,280.01,212776,6154610464.0,7.22,0.18,0.5,5.22,华虹公司,20.53000000000003,22.70514871461669,347.8,207.66,497541.12619265023,1200,4,189.7262975253638,221.20267561865904,839541.1261926503,,,,0.0007151872536312887,1.6790822523853006,904509.1261926503,-0.07182680430596622,2699261.9864693945,5.398523972938789
2026-07-06,688347,293.66,309.68,319.95,280.0,264724,7938697322.0,14.02,8.66,24.68,6.49,华虹公司,39.94999999999999,23.567391278885854,347.8,207.66,497541.12619265023,1200,4,189.7262975253638,221.20267561865904,869157.1261926503,,,,0.03527641359787781,1.7383142523853006,904509.1261926503,-0.03908418276419956,2933008.603402955,5.8660172068059095
2026-07-07,688347,308.04,324.0,335.0,300.1,223255,7230045983.0,11.27,4.62,14.32,5.48,华虹公司,34.89999999999998,24.13402171494156,347.8,207.66,497541.12619265023,1200,4,189.7262975253638,221.20267561865904,886341.1261926503,,,,0.019770878569764117,1.7726822523853005,904509.1261926503,-0.020086032825864963,3068634.6793546802,6.137269358709361
2026-07-08,688347,327.68,358.4,377.0,317.0,288283,10002153850.0,18.52,10.62,34.4,7.07,华虹公司,60.0,25.927320629194483,347.8,210.74,497541.12619265023,1200,4,189.7262975253638,221.20267561865904,927621.1261926503,,,,0.04657349047687953,1.8552422523853005,927621.1261926503,0.0,3394440.3366688807,6.788880673337761
2026-07-09,688347,365.0,400.5,401.0,348.3,305752,11574905926.0,14.7,11.75,42.1,7.5,华虹公司,52.69999999999999,27.265954597734755,377.0,213.0,497541.12619265023,1200,4,189.7262975253638,221.20267561865904,978141.1261926503,,,,0.05446189028418913,1.9562822523853005,978141.1261926503,0.0,3793173.423091202,7.586346846182404
2026-07-10,688347,393.03,369.87,407.98,368.0,306079,11872100141.0,9.98,-7.65,-30.63,7.51,华虹公司,39.98000000000002,27.90165686784802,401.0,213.0,497541.12619265023,1200,4,189.7262975253638,221.20267561865904,941385.1261926503,,,,-0.03757739963666629,1.8827702523853005,978141.1261926503,-0.03757739963666629,3503073.792755912,7.006147585511824
